id_product;id_product_attribute;variant_sku;quantity;attributes
119;240;;0;"Размер: 44"
119;241;;0;"Размер: 46"
119;242;;0;"Размер: 48"
119;243;;0;"Размер: 50"
162;341;;1;"Размер: XL | Цвят: бял"
162;342;;1;"Размер: 2XL | Цвят: бял"
163;715;;1;"Цвят: тъмнобордо | Размер: S"
163;717;;0;"Размер: L | Цвят: тъмнобордо"
163;718;;0;"Цвят: тъмнобордо | Размер: XL"
163;719;;1;"Цвят: тъмнобордо | Размер: 2XL"
165;720;;0;"Размер: S | Цвят: тъмнобордо"
165;1353;;0;"Цвят: тъмнобордо | Размер: XL"
166;353;;0;"Размер: S"
166;354;;1;"Размер: М"
188;400;;0;"Размер: S"
200;411;;0;"Размер: S | Цвят: червен"
200;413;;0;"Цвят: червен | Размер: L"
200;415;;0;"Размер: 2XL | Цвят: червен"
242;540;;0;"Размер: S | Цвят: бял"
242;541;;0;"Цвят: бял | Размер: XL"
242;542;;0;"Цвят: бял | Размер: 2XL"
246;546;;0;"Размер: XL | Цвят: син"
246;547;;0;"Размер: 2XL | Цвят: син"
249;548;;1;"Размер: S | Цвят: зелен"
249;549;;0;"Размер: М | Цвят: зелен"
339;858;;2;"Размер: 31 | Цвят: син"
339;859;;0;"Цвят: син | Размер: 32"
339;860;;0;"Цвят: син | Размер: 30"
339;861;;0;"Цвят: син | Размер: 33"
341;864;;0;"Размер: 44"
341;867;;0;"Размер: 50"
346;885;;0;"Цвят: черен | Размер: 50"
368;4749;;0;"Размер: S | Цвят: бял"
411;1069;;0;"Цвят:  сив  | Размер: М"
411;1072;;1;"Размер: 2XL | Цвят:  сив "
466;1321;;1;"Размер: S | Цвят: черен"
486;5415;;1;"Размер: М | Цвят: черен"
486;5416;;1;"Размер: L | Цвят: черен"
486;5417;;1;"Цвят: черен | Размер: XL"
486;5418;;1;"Цвят: черен | Размер: 2XL"
486;5419;;1;"Цвят: черен | Размер: 3XL"
508;1561;;1;"Цвят: жълт | Размер: 2XL"
581;4349;;1;"Цвят: черен | Размер: S"
581;4350;;0;"Цвят: черен | Размер: М"
581;4351;;0;"Размер: L | Цвят: черен"
581;4352;;0;"Размер: XL | Цвят: черен"
693;2542;;0;"Размер: М | Цвят: бял"
791;3200;;0;"Цвят: син | Размер: S"
791;3203;;0;"Размер: XL | Цвят: син"
793;4803;;1;"Размер: S"
793;4804;;0;"Размер: М"
793;4805;;0;"Размер: L"
793;4806;;0;"Размер: XL"
793;4807;;0;"Размер: 2XL"
815;3337;;2;"Цвят: тъмносин | Размер: S"
831;3411;;0;"Размер: S | Цвят: черен"
831;3412;;0;"Цвят: черен | Размер: М"
831;3413;;1;"Цвят: черен | Размер: L"
831;3414;;1;"Размер: XL | Цвят: черен"
831;3415;;0;"Цвят: черен | Размер: 2XL"
842;3505;;0;"Размер: 3XL | Цвят: бял"
883;3697;;0;"Размер: 2XL | Цвят: син"
883;3698;;0;"Размер: 3XL | Цвят: син"
898;3815;;1;"Цвят: бял | Размер: 3XL"
923;3937;;1;"Размер: S | Цвят: черен"
923;3938;;0;"Размер: М | Цвят: черен"
923;3941;;0;"Размер: 2XL | Цвят: черен"
924;3942;;0;"Размер: S | Цвят: черен"
924;3943;;0;"Цвят: черен | Размер: М"
924;3944;;0;"Цвят: черен | Размер: L"
942;4016;;0;"Размер: S"
942;4017;;0;"Размер: М"
942;4019;;0;"Размер: XL"
942;4020;;1;"Размер: 2XL"
1011;4371;;0;"Размер: 2XL | Цвят: черен"
1011;4372;;0;"Размер: 3XL | Цвят: черен"
1011;4373;;0;"Цвят: черен | Размер: 4XL"
1011;4374;;0;"Цвят: черен | Размер: 5XL"
1011;4375;;0;"Цвят: черен | Размер: 6XL"
1020;4418;;0;"Размер: 44"
1020;4419;;0;"Размер: 46"
1020;4420;;0;"Размер: 48"
1020;4421;;0;"Размер: 50"
1020;4422;;0;"Размер: 52"
1021;4425;;0;"Размер: S | Цвят: бял"
1021;4426;;0;"Цвят: бял | Размер: М"
1021;4427;;0;"Размер: L | Цвят: бял"
1021;4428;;0;"Цвят: бял | Размер: XL"
1021;4429;;1;"Цвят: бял | Размер: 2XL"
1029;4460;;0;"Размер: S"
1029;4461;;0;"Размер: М"
1029;4462;;0;"Размер: L"
1029;4463;;0;"Размер: XL"
1029;4464;;2;"Размер: 2XL"
1032;4475;;0;"Цвят: черен | Размер: S"
1032;4476;;0;"Размер: М | Цвят: черен"
1032;4477;;0;"Цвят: черен | Размер: L"
1034;4479;;0;"Размер: S | Цвят: черен"
1034;4480;;0;"Размер: М | Цвят: черен"
1034;4481;;0;"Цвят: черен | Размер: L"
1034;4482;;0;"Цвят: черен | Размер: XL"
1045;4520;;0;"Размер: S | Цвят: черен"
1045;4521;;0;"Размер: М | Цвят: черен"
1045;4522;;0;"Размер: L | Цвят: черен"
1045;4523;;0;"Цвят: черен | Размер: XL"
1045;4524;;0;"Размер: 2XL | Цвят: черен"
1048;4545;;1;"Размер: S | Цвят: черен"
1056;4578;;0;"Размер: М | Цвят: индиго"
1056;4579;;0;"Размер: L | Цвят: индиго"
1056;4580;;0;"Размер: XL | Цвят: индиго"
1056;4581;;0;"Цвят: индиго | Размер: 2XL"
1058;4586;;0;"Размер: М | Цвят: син"
1058;5003;;0;"Цвят: син | Размер: XL"
1063;4615;;0;"Цвят: зелен | Размер: М"
1063;4618;;0;"Размер: 2XL | Цвят: зелен"
1077;4669;;0;"Цвят: бял | Размер: S"
1077;4670;;0;"Цвят: бял | Размер: М"
1077;4671;;0;"Размер: L | Цвят: бял"
1077;4672;;0;"Размер: XL | Цвят: бял"
1077;4673;;1;"Размер: 2XL | Цвят: бял"
1081;7133;;0;"Цвят: светлокремав | Размер: М"
1081;7134;;0;"Размер: L | Цвят: светлокремав"
1081;7135;;0;"Размер: XL | Цвят: светлокремав"
1081;7136;;0;"Размер: 2XL | Цвят: светлокремав"
1117;4880;;0;"Размер: М | Цвят: бял"
1117;4881;;0;"Цвят: бял | Размер: L"
1117;4882;;0;"Цвят: бял | Размер: XL"
1117;4883;;1;"Размер: 2XL | Цвят: бял"
1120;4889;;1;"Цвят: черен | Размер: S"
1120;4890;;0;"Размер: М | Цвят: черен"
1120;4891;;0;"Цвят: черен | Размер: L"
1120;4892;;0;"Цвят: черен | Размер: XL"
1120;4893;;0;"Размер: 2XL | Цвят: черен"
1125;4912;;0;"Цвят: черен | Размер: S"
1125;4913;;0;"Размер: М | Цвят: черен"
1125;4914;;0;"Размер: L | Цвят: черен"
1125;4915;;0;"Цвят: черен | Размер: XL"
1125;4916;;0;"Цвят: черен | Размер: 2XL"
1130;4940;;0;"Размер: S | Цвят: бял"
1130;4941;;0;"Размер: М | Цвят: бял"
1130;4942;;0;"Цвят: бял | Размер: L"
1130;4943;;0;"Размер: XL | Цвят: бял"
1130;4944;;3;"Цвят: бял | Размер: 2XL"
1130;5176;;0;"Цвят: бял | Размер: 3XL"
1130;5177;;0;"Размер: 4XL | Цвят: бял"
1130;5178;;0;"Размер: 5XL | Цвят: бял"
1130;5179;;0;"Размер: 6XL | Цвят: бял"
1144;5018;;0;"Цвят: син | Размер: 3XL"
1153;5039;;0;"Размер: S | Цвят: бял"
1153;5040;;0;"Цвят: бял | Размер: М"
1153;5041;;0;"Размер: L | Цвят: бял"
1153;5042;;0;"Размер: XL | Цвят: бял"
1153;5043;;1;"Цвят: бял | Размер: 2XL"
1154;5049;;0;"Размер: М | Цвят: бял"
1154;5050;;0;"Размер: L | Цвят: бял"
1154;5051;;0;"Цвят: бял | Размер: XL"
1154;5052;;0;"Размер: 2XL | Цвят: бял"
1154;5053;;0;"Цвят: бял | Размер: 3XL"
1169;5098;;0;"Размер: 3XL | Цвят: черен"
1169;5099;;0;"Цвят: черен | Размер: 4XL"
1169;5100;;0;"Размер: 5XL | Цвят: черен"
1169;5101;;0;"Цвят: черен | Размер: 6XL"
1178;5119;;0;"Размер: S | Цвят: бял"
1178;5120;;0;"Цвят: бял | Размер: М"
1178;5121;;0;"Размер: L | Цвят: бял"
1178;5122;;0;"Размер: XL | Цвят: бял"
1178;5123;;0;"Размер: 2XL | Цвят: бял"
1207;5315;;0;"Размер: S | Цвят: бял"
1207;5316;;0;"Цвят: бял | Размер: М"
1207;5317;;0;"Размер: L | Цвят: бял"
1207;5318;;0;"Размер: XL | Цвят: бял"
1207;5319;;1;"Цвят: бял | Размер: 2XL"
1232;5455;;0;"Размер: М | Цвят: бял"
1232;5456;;0;"Цвят: бял | Размер: L"
1232;5457;;0;"Цвят: бял | Размер: XL"
1232;5458;;0;"Цвят: бял | Размер: 2XL"
1232;5459;;0;"Размер: 3XL | Цвят: бял"
1233;5460;;0;"Размер: М"
1233;5461;;0;"Размер: L"
1233;5462;;0;"Размер: XL"
1233;5463;;0;"Размер: 2XL"
1233;5464;;0;"Размер: 3XL"
1236;5606;;0;"Цвят: бял | Размер: 3XL"
1246;5580;;2;"Цвят: бял | Размер: 2XL"
1246;5581;;0;"Цвят: бял | Размер: 3XL"
1247;5582;;0;"Цвят: черен | Размер: М"
1247;5583;;0;"Размер: L | Цвят: черен"
1247;5584;;0;"Размер: XL | Цвят: черен"
1247;5585;;0;"Размер: 2XL | Цвят: черен"
1247;5586;;0;"Размер: 3XL | Цвят: черен"
1250;5525;;0;"Размер: S | Цвят: бял"
1250;5526;;0;"Размер: М | Цвят: бял"
1250;5527;;0;"Цвят: бял | Размер: L"
1250;5528;;0;"Цвят: бял | Размер: XL"
1250;5529;;0;"Цвят: бял | Размер: 2XL"
1274;5651;;0;"Размер: S | Цвят: бял"
1274;5652;;0;"Размер: М | Цвят: бял"
1274;5653;;0;"Цвят: бял | Размер: L"
1274;5654;;0;"Размер: XL | Цвят: бял"
1274;5655;;0;"Размер: 2XL | Цвят: бял"
1280;5682;;0;"Размер: 3XL | Цвят: бял"
1291;5708;;0;"Цвят: черен | Размер: S"
1291;5709;;0;"Цвят: черен | Размер: М"
1291;5710;;0;"Цвят: черен | Размер: L"
1291;5711;;0;"Размер: XL | Цвят: черен"
1291;5712;;0;"Размер: 2XL | Цвят: черен"
1293;5739;;0;"Цвят: бял | Размер: М"
1293;5740;;0;"Размер: L | Цвят: бял"
1293;5741;;0;"Размер: XL | Цвят: бял"
1293;5742;;1;"Размер: 2XL | Цвят: бял"
1295;5748;;0;"Размер: М | Цвят: бял"
1295;5749;;0;"Цвят: бял | Размер: L"
1295;5750;;0;"Цвят: бял | Размер: XL"
1295;5751;;0;"Цвят: бял | Размер: 2XL"
1295;5752;;1;"Размер: 3XL | Цвят: бял"
1297;5758;;0;"Цвят: бял | Размер: S"
1297;5759;;0;"Размер: М | Цвят: бял"
1297;5760;;0;"Размер: L | Цвят: бял"
1297;5761;;0;"Цвят: бял | Размер: XL"
1297;5762;;1;"Цвят: бял | Размер: 2XL"
1298;5763;;0;"Размер: S | Цвят: черен"
1298;5764;;0;"Размер: М | Цвят: черен"
1298;5765;;0;"Размер: L | Цвят: черен"
1298;5766;;0;"Цвят: черен | Размер: XL"
1298;5767;;0;"Цвят: черен | Размер: 2XL"
1299;5768;;0;"Размер: S | Цвят: черен"
1299;5769;;0;"Размер: М | Цвят: черен"
1299;5770;;0;"Цвят: черен | Размер: L"
1299;5771;;0;"Цвят: черен | Размер: XL"
1299;5772;;0;"Цвят: черен | Размер: 2XL"
1308;5813;;0;"Размер: S"
1308;5814;;0;"Размер: М"
1308;5815;;0;"Размер: L"
1308;5816;;0;"Размер: XL"
1308;5817;;0;"Размер: 2XL"
1313;5835;;0;"Цвят: бял | Размер: S"
1313;5836;;0;"Цвят: бял | Размер: М"
1313;5837;;0;"Размер: L | Цвят: бял"
1313;5838;;0;"Размер: XL | Цвят: бял"
1313;5839;;1;"Размер: 2XL | Цвят: бял"
1318;5860;;0;"Размер: S | Цвят: черен"
1318;5861;;0;"Цвят: черен | Размер: М"
1318;5862;;0;"Цвят: черен | Размер: L"
1318;5863;;0;"Размер: XL | Цвят: черен"
1318;5864;;0;"Размер: 2XL | Цвят: черен"
1322;5882;;0;"Размер: S"
1322;5883;;0;"Размер: М"
1322;5884;;0;"Размер: L"
1322;5885;;0;"Размер: XL"
1322;5886;;0;"Размер: 2XL"
1335;5939;;0;"Цвят: черен | Размер: S"
1335;5940;;0;"Размер: М | Цвят: черен"
1335;5941;;0;"Размер: L | Цвят: черен"
1335;5942;;0;"Размер: XL | Цвят: черен"
1335;5943;;0;"Цвят: черен | Размер: 2XL"
1352;6010;;0;"Цвят: бял | Размер: S"
1352;6011;;0;"Цвят: бял | Размер: М"
1352;6012;;0;"Цвят: бял | Размер: L"
1352;6013;;0;"Цвят: бял | Размер: XL"
1352;6014;;0;"Цвят: бял | Размер: 2XL"
1357;6095;;0;"Размер: S"
1357;6096;;0;"Размер: М"
1357;6097;;0;"Размер: L"
1357;6098;;0;"Размер: XL"
1357;6099;;0;"Размер: 2XL"
1370;6145;;0;"Размер: S | Цвят: бял"
1370;6146;;0;"Размер: М | Цвят: бял"
1370;6147;;0;"Цвят: бял | Размер: L"
1370;6148;;0;"Цвят: бял | Размер: XL"
1370;6149;;0;"Цвят: бял | Размер: 2XL"
1383;6060;;1;"Цвят: тъмносин | Размер: S"
1394;6210;;0;"Цвят: син | Размер: S"
1394;6211;;0;"Цвят: син | Размер: М"
1394;6212;;0;"Размер: L | Цвят: син"
1394;6213;;0;"Размер: XL | Цвят: син"
1394;6214;;0;"Размер: 2XL | Цвят: син"
1402;6331;;0;"Цвят: черен | Размер: S"
1409;6280;;0;"Цвят: черен | Размер: S"
1409;6281;;0;"Цвят: черен | Размер: М"
1409;6282;;0;"Размер: L | Цвят: черен"
1409;6283;;0;"Размер: XL | Цвят: черен"
1409;6284;;0;"Размер: 2XL | Цвят: черен"
1414;6300;;0;"Размер: S | Цвят: черен"
1414;6301;;0;"Размер: М | Цвят: черен"
1414;6302;;0;"Цвят: черен | Размер: L"
1414;6303;;0;"Цвят: черен | Размер: XL"
1414;6304;;0;"Размер: 2XL | Цвят: черен"
1420;6398;;0;"Цвят: бял | Размер: S"
1420;6399;;0;"Цвят: бял | Размер: М"
1420;6400;;0;"Размер: L | Цвят: бял"
1420;6401;;0;"Размер: XL | Цвят: бял"
1420;6402;;0;"Размер: 2XL | Цвят: бял"
1433;6381;;1;"Цвят: бял | Размер: 2XL"
1445;6424;;0;"Размер: S | Цвят: бял"
1445;6425;;0;"Цвят: бял | Размер: М"
1445;6426;;0;"Цвят: бял | Размер: L"
1445;6427;;0;"Цвят: бял | Размер: XL"
1445;6428;;0;"Цвят: бял | Размер: 2XL"
1446;6429;;0;"Размер: S | Цвят: син"
1446;6430;;0;"Цвят: син | Размер: М"
1446;6431;;0;"Цвят: син | Размер: L"
1446;6432;;0;"Цвят: син | Размер: XL"
1446;6433;;0;"Цвят: син | Размер: 2XL"
1462;6546;;0;"Размер: S | Цвят: бял"
1462;6547;;0;"Размер: М | Цвят: бял"
1462;6548;;0;"Размер: L | Цвят: бял"
1462;6549;;0;"Размер: XL | Цвят: бял"
1462;6550;;0;"Цвят: бял | Размер: 2XL"
1465;6561;;0;"Размер: S | Цвят: черен"
1482;6649;;0;"Размер: S | Цвят: черен"
1482;6650;;0;"Размер: М | Цвят: черен"
1482;6651;;0;"Цвят: черен | Размер: L"
1482;6652;;0;"Цвят: черен | Размер: XL"
1482;6653;;0;"Размер: 2XL | Цвят: черен"
1483;6654;;0;"Цвят: бял | Размер: S"
1483;6655;;0;"Цвят: бял | Размер: М"
1483;6656;;0;"Размер: L | Цвят: бял"
1483;6657;;0;"Размер: XL | Цвят: бял"
1483;6658;;0;"Размер: 2XL | Цвят: бял"
1485;6659;;0;"Цвят: черен | Размер: S"
1485;6660;;0;"Цвят: черен | Размер: М"
1485;6661;;0;"Размер: L | Цвят: черен"
1485;6662;;0;"Размер: XL | Цвят: черен"
1485;6663;;0;"Размер: 2XL | Цвят: черен"
1486;6664;;0;"Цвят: черен | Размер: S"
1486;6665;;0;"Цвят: черен | Размер: М"
1486;6666;;0;"Цвят: черен | Размер: L"
1486;6667;;0;"Цвят: черен | Размер: XL"
1486;6668;;0;"Цвят: черен | Размер: 2XL"
1487;6669;;0;"Размер: S | Цвят: бял"
1487;6670;;0;"Размер: М | Цвят: бял"
1487;6671;;0;"Цвят: бял | Размер: L"
1487;6672;;0;"Цвят: бял | Размер: XL"
1487;6673;;0;"Цвят: бял | Размер: 2XL"
1491;6689;;0;"Размер: S | Цвят: черен"
1491;6690;;0;"Размер: М | Цвят: черен"
1491;6691;;0;"Размер: L | Цвят: черен"
1491;6692;;0;"Размер: XL | Цвят: черен"
1491;6693;;1;"Цвят: черен | Размер: 2XL"
1494;6704;;0;"Цвят: черен | Размер: S"
1494;6705;;0;"Размер: М | Цвят: черен"
1494;6706;;0;"Цвят: черен | Размер: L"
1494;6707;;0;"Цвят: черен | Размер: XL"
1494;6708;;0;"Цвят: черен | Размер: 2XL"
1495;6709;;0;"Цвят: бял | Размер: S"
1495;6710;;0;"Размер: М | Цвят: бял"
1495;6711;;0;"Цвят: бял | Размер: L"
1495;6712;;0;"Размер: XL | Цвят: бял"
1495;6713;;0;"Цвят: бял | Размер: 2XL"
1496;6714;;0;"Размер: S | Цвят: черен"
1496;6715;;0;"Размер: М | Цвят: черен"
1496;6716;;0;"Цвят: черен | Размер: L"
1496;6717;;0;"Цвят: черен | Размер: XL"
1496;6718;;0;"Размер: 2XL | Цвят: черен"
1497;6719;;0;"Цвят: черен | Размер: S"
1497;6720;;0;"Цвят: черен | Размер: М"
1497;6721;;0;"Размер: L | Цвят: черен"
1497;6722;;0;"Размер: XL | Цвят: черен"
1497;6723;;0;"Размер: 2XL | Цвят: черен"
1498;6724;;0;"Цвят: бял | Размер: S"
1498;6725;;0;"Цвят: бял | Размер: М"
1498;6726;;0;"Размер: L | Цвят: бял"
1498;6727;;0;"Размер: XL | Цвят: бял"
1498;6728;;0;"Размер: 2XL | Цвят: бял"
1512;6791;;0;"Цвят: черен | Размер: S"
1512;6792;;1;"Цвят: черен | Размер: М"
1512;6793;;0;"Размер: L | Цвят: черен"
1512;6794;;0;"Размер: XL | Цвят: черен"
1512;6795;;0;"Размер: 2XL | Цвят: черен"
1513;6796;;0;"Размер: S | Цвят: бял"
1513;6797;;0;"Цвят: бял | Размер: М"
1513;6798;;0;"Размер: L | Цвят: бял"
1513;6799;;0;"Цвят: бял | Размер: XL"
1513;6800;;0;"Цвят: бял | Размер: 2XL"
1516;6811;;0;"Размер: S | Цвят: черен"
1516;6812;;0;"Размер: М | Цвят: черен"
1516;6813;;0;"Размер: L | Цвят: черен"
1516;6814;;0;"Цвят: черен | Размер: XL"
1516;6815;;0;"Цвят: черен | Размер: 2XL"
1524;6849;;0;"Размер: S | Цвят: бял"
1524;6850;;0;"Размер: М | Цвят: бял"
1524;6851;;0;"Цвят: бял | Размер: L"
1524;6852;;0;"Цвят: бял | Размер: XL"
1524;6853;;0;"Цвят: бял | Размер: 2XL"
1532;6903;;1;"Цвят: черен | Размер: S"
1532;6904;;1;"Размер: М | Цвят: черен"
1532;6905;;1;"Цвят: черен | Размер: L"
1532;6906;;1;"Цвят: черен | Размер: XL"
1532;6907;;1;"Цвят: черен | Размер: 2XL"
1535;6943;;0;"Цвят: черен | Размер: М"
1535;6944;;0;"Размер: L | Цвят: черен"
1535;6945;;0;"Размер: XL | Цвят: черен"
1535;6946;;0;"Размер: 2XL | Цвят: черен"
1535;6947;;0;"Цвят: черен | Размер: 3XL"
1539;6923;;0;"Размер: S | Цвят: бял"
1539;6924;;0;"Цвят: бял | Размер: М"
1539;6925;;0;"Цвят: бял | Размер: L"
1539;6926;;0;"Цвят: бял | Размер: XL"
1539;6927;;0;"Размер: 2XL | Цвят: бял"
1540;6928;;0;"Размер: S | Цвят: черен"
1540;6929;;0;"Цвят: черен | Размер: М"
1540;6930;;0;"Размер: L | Цвят: черен"
1540;6931;;0;"Размер: XL | Цвят: черен"
1540;6932;;0;"Размер: 2XL | Цвят: черен"
1543;6953;;0;"Цвят: черен | Размер: S"
1543;6954;;0;"Цвят: черен | Размер: М"
1543;6955;;0;"Размер: L | Цвят: черен"
1543;6956;;1;"Размер: XL | Цвят: черен"
1543;6957;;0;"Размер: 2XL | Цвят: черен"
1544;6958;;0;"Цвят: бял | Размер: S"
1544;6959;;0;"Цвят: бял | Размер: М"
1544;6960;;0;"Размер: L | Цвят: бял"
1544;6961;;0;"Размер: XL | Цвят: бял"
1544;6962;;1;"Цвят: бял | Размер: 2XL"
1545;7008;;1;"Размер: S | Цвят: черен"
1545;7009;;0;"Размер: М | Цвят: черен"
1545;7010;;0;"Размер: L | Цвят: черен"
1545;7011;;0;"Цвят: черен | Размер: XL"
1545;7012;;0;"Размер: 2XL | Цвят: черен"
1546;6963;;0;"Размер: S | Цвят: черен"
1546;6964;;0;"Размер: М | Цвят: черен"
1546;6965;;0;"Цвят: черен | Размер: L"
1546;6966;;0;"Цвят: черен | Размер: XL"
1546;6967;;0;"Цвят: черен | Размер: 2XL"
1547;6968;;0;"Размер: S | Цвят: черен"
1547;6969;;0;"Размер: М | Цвят: черен"
1547;6970;;0;"Цвят: черен | Размер: L"
1547;6971;;1;"Размер: XL | Цвят: черен"
1547;6972;;0;"Размер: 2XL | Цвят: черен"
1553;7003;;0;"Цвят: черен | Размер: S"
1553;7004;;0;"Цвят: черен | Размер: М"
1553;7005;;0;"Цвят: черен | Размер: L"
1553;7006;;0;"Цвят: черен | Размер: XL"
1553;7007;;0;"Цвят: черен | Размер: 2XL"
1574;7120;;0;"Цвят: черен | Размер: S"
1574;7121;;0;"Цвят: черен | Размер: М"
1574;7122;;0;"Размер: L | Цвят: черен"
1574;7123;;0;"Размер: XL | Цвят: черен"
1574;7124;;0;"Размер: 2XL | Цвят: черен"
1579;7146;;0;"Цвят: тъмнозелен | Размер: М"
1579;7147;;0;"Размер: L | Цвят: тъмнозелен"
1579;7148;;0;"Размер: XL | Цвят: тъмнозелен"
1579;7149;;0;"Размер: 2XL | Цвят: тъмнозелен"
1580;7150;;0;"Цвят: син | Размер: М"
1580;7151;;0;"Размер: L | Цвят: син"
1580;7152;;0;"Размер: XL | Цвят: син"
1580;7153;;0;"Размер: 2XL | Цвят: син"
1583;7172;;0;"Цвят: бял | Размер: S"
1583;7173;;0;"Размер: М | Цвят: бял"
1583;7174;;0;"Цвят: бял | Размер: L"
1583;7175;;0;"Размер: XL | Цвят: бял"
1583;7176;;0;"Размер: 2XL | Цвят: бял"
1586;7187;;0;"Цвят: тъмнозелен | Размер: S"
1586;7188;;0;"Размер: М | Цвят: тъмнозелен"
1586;7189;;0;"Цвят: тъмнозелен | Размер: L"
1586;7190;;0;"Цвят: тъмнозелен | Размер: XL"
1586;7191;;0;"Цвят: тъмнозелен | Размер: 2XL"
1587;7192;;0;"Цвят: бял | Размер: S"
1587;7193;;0;"Размер: М | Цвят: бял"
1587;7194;;0;"Цвят: бял | Размер: L"
1587;7195;;0;"Цвят: бял | Размер: XL"
1587;7196;;3;"Цвят: бял | Размер: 2XL"
1592;7197;;0;"Размер: М | Цвят: тъмнобордо"
1592;7198;;0;"Цвят: тъмнобордо | Размер: L"
1592;7199;;0;"Цвят: тъмнобордо | Размер: XL"
1592;7200;;0;"Размер: 2XL | Цвят: тъмнобордо"
1600;7249;;0;"Цвят: бордо | Размер: М"
1600;7250;;0;"Размер: L | Цвят: бордо"
1600;7251;;0;"Размер: XL | Цвят: бордо"
1600;7252;;0;"Размер: 2XL | Цвят: бордо"
1604;7267;;0;"Размер: S | Цвят: черен"
1604;7268;;0;"Цвят: черен | Размер: М"
1604;7269;;0;"Размер: L | Цвят: черен"
1604;7270;;0;"Размер: XL | Цвят: черен"
1604;7271;;0;"Размер: 2XL | Цвят: черен"
1606;7277;;1;"Размер: S | Цвят: черен"
1606;7278;;0;"Цвят: черен | Размер: М"
1606;7279;;0;"Размер: L | Цвят: черен"
1606;7280;;1;"Размер: XL | Цвят: черен"
1606;7281;;0;"Цвят: черен | Размер: 2XL"
1607;7312;;1;"Размер: S"
1607;7313;;0;"Размер: М"
1607;7314;;0;"Размер: L"
1612;7307;;0;"Размер: М"
1612;7308;;0;"Размер: L"
1612;7309;;0;"Размер: XL"
1612;7310;;0;"Размер: 2XL"
1614;7282;;0;"Цвят: черен | Размер: S"
1614;7283;;0;"Цвят: черен | Размер: М"
1614;7284;;0;"Цвят: черен | Размер: L"
1614;7285;;0;"Размер: XL | Цвят: черен"
1614;7286;;0;"Размер: 2XL | Цвят: черен"
1615;7315;;0;"Цвят: бял | Размер: S"
1615;7316;;0;"Размер: М | Цвят: бял"
1615;7317;;0;"Цвят: бял | Размер: L"
1615;7318;;0;"Размер: XL | Цвят: бял"
1615;7320;;2;"Размер: 2XL | Цвят: бял"
1617;7326;;0;"Цвят: бял | Размер: S"
1617;7327;;0;"Цвят: бял | Размер: М"
1617;7328;;0;"Цвят: бял | Размер: L"
1617;7329;;1;"Цвят: бял | Размер: XL"
1617;7330;;0;"Цвят: бял | Размер: 2XL"
1618;7331;;0;"Цвят: черен | Размер: S"
1618;7332;;0;"Размер: М | Цвят: черен"
1618;7333;;0;"Цвят: черен | Размер: L"
1618;7334;;0;"Цвят: черен | Размер: XL"
1618;7335;;0;"Размер: 2XL | Цвят: черен"
1620;7340;;0;"Цвят: черен | Размер: М"
1620;7341;;0;"Размер: L | Цвят: черен"
1620;7342;;0;"Размер: XL | Цвят: черен"
1620;7343;;0;"Размер: 2XL | Цвят: черен"
1621;7348;;0;"Цвят: бял | Размер: S"
1621;7349;;0;"Размер: М | Цвят: бял"
1621;7350;;0;"Размер: L | Цвят: бял"
1621;7351;;0;"Цвят: бял | Размер: XL"
1621;7352;;2;"Цвят: бял | Размер: 2XL"
1626;7368;;0;"Размер: S | Цвят: бял"
1626;7369;;0;"Цвят: бял | Размер: М"
1626;7370;;0;"Размер: L | Цвят: бял"
1626;7371;;0;"Размер: XL | Цвят: бял"
1626;7372;;0;"Размер: 2XL | Цвят: бял"
1628;7378;;0;"Размер: S | Цвят: бял"
1628;7379;;0;"Цвят: бял | Размер: М"
1628;7380;;0;"Цвят: бял | Размер: L"
1628;7381;;0;"Цвят: бял | Размер: XL"
1628;7382;;0;"Цвят: бял | Размер: 2XL"
1632;7398;;0;"Размер: S | Цвят: черен"
1632;7399;;0;"Цвят: черен | Размер: М"
1632;7400;;0;"Цвят: черен | Размер: L"
1632;7401;;0;"Цвят: черен | Размер: XL"
1632;7402;;0;"Цвят: черен | Размер: 2XL"
1639;7428;;0;"Размер: М | Цвят: черен"
1639;7429;;0;"Цвят: черен | Размер: L"
1639;7430;;0;"Размер: XL | Цвят: черен"
1639;7431;;0;"Размер: 2XL | Цвят: черен"
1642;7454;;0;"Цвят: черен | Размер: 3XL"
1642;7455;;0;"Размер: 4XL | Цвят: черен"
1642;7456;;0;"Размер: 5XL | Цвят: черен"
1642;7457;;0;"Размер: 6XL | Цвят: черен"
1649;7477;;0;"Размер: S | Цвят: бял"
1649;7478;;0;"Размер: М | Цвят: бял"
1649;7479;;0;"Цвят: бял | Размер: L"
1649;7480;;0;"Размер: XL | Цвят: бял"
1649;7481;;1;"Цвят: бял | Размер: 2XL"
1652;7507;;0;"Цвят: черен | Размер: S"
1652;7508;;0;"Цвят: черен | Размер: М"
1652;7509;;0;"Размер: L | Цвят: черен"
1652;7510;;0;"Размер: XL | Цвят: черен"
1652;7511;;0;"Цвят: черен | Размер: 2XL"
1653;7492;;0;"Цвят: бял | Размер: S"
1653;7493;;0;"Цвят: бял | Размер: М"
1653;7494;;0;"Размер: L | Цвят: бял"
1653;7495;;0;"Цвят: бял | Размер: XL"
1653;7496;;1;"Размер: 2XL | Цвят: бял"
1655;7502;;0;"Размер: S | Цвят: бял"
1655;7503;;0;"Размер: М | Цвят: бял"
1655;7504;;0;"Цвят: бял | Размер: L"
1655;7505;;0;"Размер: XL | Цвят: бял"
1655;7506;;0;"Размер: 2XL | Цвят: бял"
1662;7537;;0;"Цвят: бял | Размер: S"
1662;7538;;0;"Цвят: бял | Размер: М"
1662;7539;;0;"Размер: L | Цвят: бял"
1662;7540;;0;"Размер: XL | Цвят: бял"
1662;7541;;0;"Размер: 2XL | Цвят: бял"
1664;7547;;0;"Цвят: бял | Размер: S"
1664;7548;;0;"Размер: М | Цвят: бял"
1664;7549;;0;"Цвят: бял | Размер: L"
1664;7550;;0;"Размер: XL | Цвят: бял"
1664;7551;;0;"Размер: 2XL | Цвят: бял"
1666;7557;;0;"Размер: S | Цвят: бял"
1666;7558;;0;"Размер: М | Цвят: бял"
1666;7559;;0;"Размер: L | Цвят: бял"
1666;7560;;0;"Цвят: бял | Размер: XL"
1666;7561;;0;"Цвят: бял | Размер: 2XL"
1674;7602;;0;"Размер: S | Цвят: бял"
1674;7603;;0;"Размер: М | Цвят: бял"
1674;7604;;0;"Цвят: бял | Размер: L"
1674;7605;;0;"Размер: XL | Цвят: бял"
1674;7606;;2;"Размер: 2XL | Цвят: бял"
1675;7607;;0;"Цвят: черен | Размер: S"
1675;7608;;0;"Цвят: черен | Размер: М"
1675;7609;;0;"Цвят: черен | Размер: L"
1675;7610;;0;"Цвят: черен | Размер: XL"
1675;7611;;0;"Цвят: черен | Размер: 2XL"
1677;7612;;0;"Размер: 3XL | Цвят: черен"
1677;7613;;0;"Размер: 4XL | Цвят: черен"
1677;7614;;0;"Цвят: черен | Размер: 5XL"
1677;7615;;0;"Цвят: черен | Размер: 6XL"
1681;7636;;0;"Размер: М | Цвят: бял"
1681;7637;;0;"Размер: L | Цвят: бял"
1681;7638;;0;"Цвят: бял | Размер: XL"
1681;7639;;0;"Размер: 2XL | Цвят: бял"
1681;7640;;0;"Цвят: бял | Размер: 3XL"
1682;7641;;0;"Цвят: черен | Размер: М"
1682;7642;;0;"Размер: L | Цвят: черен"
1682;7643;;0;"Размер: XL | Цвят: черен"
1682;7644;;0;"Размер: 2XL | Цвят: черен"
1682;7645;;0;"Размер: 3XL | Цвят: черен"
1685;7656;;0;"Размер: М | Цвят: черен"
1685;7657;;0;"Цвят: черен | Размер: L"
1685;7658;;0;"Размер: XL | Цвят: черен"
1685;7659;;0;"Размер: 2XL | Цвят: черен"
1685;7660;;0;"Цвят: черен | Размер: 3XL"
1690;7706;;0;"Размер: М | Цвят: бял"
1690;7707;;0;"Цвят: бял | Размер: L"
1690;7708;;0;"Цвят: бял | Размер: XL"
1690;7709;;1;"Цвят: бял | Размер: 2XL"
1690;7710;;1;"Размер: 3XL | Цвят: бял"
1692;7711;;1;"Размер: М | Цвят: черен"
1692;7712;;1;"Цвят: черен | Размер: L"
1692;7713;;0;"Размер: XL | Цвят: черен"
1692;7714;;1;"Размер: 2XL | Цвят: черен"
1692;7715;;2;"Цвят: черен | Размер: 3XL"
1695;7691;;0;"Цвят: бял | Размер: М"
1695;7692;;0;"Размер: L | Цвят: бял"
1695;7693;;0;"Размер: XL | Цвят: бял"
1695;7694;;0;"Размер: 2XL | Цвят: бял"
1695;7695;;0;"Размер: 3XL | Цвят: бял"
1697;7726;;0;"Размер: S | Цвят: бял"
1697;7727;;0;"Размер: М | Цвят: бял"
1697;7728;;0;"Цвят: бял | Размер: L"
1697;7729;;0;"Цвят: бял | Размер: XL"
1697;7730;;0;"Цвят: бял | Размер: 2XL"
1702;7736;;0;"Цвят: черен | Размер: 3XL"
1702;7737;;0;"Цвят: черен | Размер: 4XL"
1702;7738;;0;"Цвят: черен | Размер: 5XL"
1702;7739;;0;"Размер: 6XL | Цвят: черен"
1709;7767;;0;"Размер: 3XL | Цвят: черен"
1709;7768;;0;"Размер: 4XL | Цвят: черен"
1709;7769;;0;"Размер: 5XL | Цвят: черен"
1709;7770;;0;"Цвят: черен | Размер: 6XL"
1711;7775;;1;"Цвят: черен | Размер: М"
1711;7776;;0;"Цвят: черен | Размер: L"
1711;7777;;0;"Цвят: черен | Размер: XL"
1711;7778;;0;"Цвят: черен | Размер: 2XL"
1711;7779;;0;"Размер: 3XL | Цвят: черен"
1712;7780;;0;"Цвят: бял | Размер: М"
1712;7781;;0;"Размер: L | Цвят: бял"
1712;7782;;0;"Цвят: бял | Размер: XL"
1712;7783;;0;"Размер: 2XL | Цвят: бял"
1712;7784;;0;"Размер: 3XL | Цвят: бял"
1713;7785;;0;"Размер: М"
1715;7805;;0;"Размер: М | Цвят: черен"
1715;7806;;0;"Размер: L | Цвят: черен"
1715;7807;;0;"Цвят: черен | Размер: XL"
1715;7808;;0;"Цвят: черен | Размер: 2XL"
1715;7809;;0;"Цвят: черен | Размер: 3XL"
1720;7870;;0;"Цвят: черен | Размер: S"
1720;7871;;0;"Цвят: черен | Размер: М"
1720;7872;;0;"Цвят: черен | Размер: L"
1720;7873;;0;"Цвят: черен | Размер: XL"
1720;7874;;0;"Цвят: черен | Размер: 2XL"
1721;8239;;0;"Размер: М"
1721;8240;;0;"Размер: L"
1721;8241;;0;"Размер: XL"
1721;8242;;0;"Размер: 2XL"
1721;8243;;0;"Размер: 3XL"
1722;7825;;0;"Цвят: син | Размер: М"
1722;7826;;0;"Цвят: син | Размер: L"
1722;7827;;0;"Размер: XL | Цвят: син"
1722;7828;;0;"Размер: 2XL | Цвят: син"
1722;7829;;0;"Размер: 3XL | Цвят: син"
1727;7850;;0;"Цвят: бял | Размер: S"
1727;7851;;0;"Размер: М | Цвят: бял"
1727;7852;;0;"Цвят: бял | Размер: L"
1727;7853;;0;"Размер: XL | Цвят: бял"
1727;7854;;1;"Размер: 2XL | Цвят: бял"
1728;7855;;0;"Цвят: черен | Размер: S"
1728;7856;;0;"Размер: М | Цвят: черен"
1728;7857;;0;"Размер: L | Цвят: черен"
1728;7858;;0;"Размер: XL | Цвят: черен"
1728;7859;;0;"Размер: 2XL | Цвят: черен"
1729;7860;;0;"Размер: S"
1729;7861;;0;"Размер: М"
1729;7862;;0;"Размер: L"
1729;7863;;0;"Размер: XL"
1729;7864;;0;"Размер: 2XL"
1732;7880;;0;"Размер: S | Цвят: черен"
1732;7881;;0;"Размер: М | Цвят: черен"
1732;7882;;0;"Размер: L | Цвят: черен"
1732;7883;;0;"Цвят: черен | Размер: XL"
1732;7884;;0;"Цвят: черен | Размер: 2XL"
1733;7885;;0;"Цвят: черен | Размер: S"
1733;7886;;0;"Цвят: черен | Размер: М"
1733;7887;;0;"Размер: L | Цвят: черен"
1733;7888;;0;"Цвят: черен | Размер: XL"
1733;7889;;0;"Размер: 2XL | Цвят: черен"
1734;7890;;0;"Размер: S | Цвят: черен"
1734;7891;;0;"Цвят: черен | Размер: М"
1734;7892;;0;"Размер: L | Цвят: черен"
1734;7893;;0;"Размер: XL | Цвят: черен"
1734;7894;;0;"Размер: 2XL | Цвят: черен"
1735;7895;;0;"Цвят: бял | Размер: М"
1735;7896;;0;"Размер: L | Цвят: бял"
1735;7897;;1;"Размер: XL | Цвят: бял"
1735;7898;;0;"Цвят: бял | Размер: 2XL"
1735;7899;;0;"Размер: 3XL | Цвят: бял"
1738;7910;;0;"Цвят: бял | Размер: S"
1738;7911;;0;"Размер: М | Цвят: бял"
1738;7912;;0;"Размер: L | Цвят: бял"
1738;7913;;0;"Размер: XL | Цвят: бял"
1738;7914;;2;"Размер: 2XL | Цвят: бял"
1743;7996;;0;"Цвят: зелен | Размер: М"
1743;7997;;0;"Размер: L | Цвят: зелен"
1743;7998;;0;"Размер: XL | Цвят: зелен"
1743;7999;;0;"Размер: 2XL | Цвят: зелен"
1743;8000;;0;"Размер: 3XL | Цвят: зелен"
1744;8001;;0;"Цвят: корало червен | Размер: М"
1744;8002;;0;"Размер: L | Цвят: корало червен"
1744;8003;;0;"Цвят: корало червен | Размер: XL"
1744;8004;;0;"Цвят: корало червен | Размер: 2XL"
1744;8005;;1;"Цвят: корало червен | Размер: 3XL"
1752;8022;;0;"Размер: 3XL | Цвят: черен"
1752;8023;;0;"Размер: 4XL | Цвят: черен"
1752;8024;;0;"Цвят: черен | Размер: 5XL"
1752;8025;;0;"Цвят: черен | Размер: 6XL"
1753;8016;;0;"Цвят: черен | Размер: 4XL"
1753;8017;;0;"Цвят: черен | Размер: 5XL"
1753;8018;;0;"Размер: 6XL | Цвят: черен"
1754;8026;;0;"Цвят: черен | Размер: 3XL"
1754;8027;;0;"Цвят: черен | Размер: 4XL"
1754;8028;;0;"Размер: 5XL | Цвят: черен"
1754;8029;;0;"Цвят: черен | Размер: 6XL"
1756;7950;;0;"Цвят: черен | Размер: S"
1756;7951;;0;"Размер: М | Цвят: черен"
1756;7952;;0;"Размер: L | Цвят: черен"
1756;7953;;0;"Размер: XL | Цвят: черен"
1756;7954;;0;"Цвят: черен | Размер: 2XL"
1759;7965;;0;"Размер: S | Цвят: бял"
1759;7966;;0;"Цвят: бял | Размер: М"
1759;7967;;0;"Цвят: бял | Размер: L"
1759;7968;;0;"Цвят: бял | Размер: XL"
1759;7969;;0;"Цвят: бял | Размер: 2XL"
1761;7970;;1;"Цвят: черен | Размер: S"
1761;7971;;0;"Цвят: черен | Размер: М"
1761;7972;;0;"Цвят: черен | Размер: L"
1761;7973;;0;"Цвят: черен | Размер: XL"
1761;7974;;0;"Цвят: черен | Размер: 2XL"
1764;7975;;0;"Размер: S | Цвят: бял"
1764;7976;;0;"Размер: М | Цвят: бял"
1764;7977;;0;"Цвят: бял | Размер: L"
1764;7978;;0;"Размер: XL | Цвят: бял"
1764;7979;;0;"Цвят: бял | Размер: 2XL"
1765;7980;;0;"Размер: S | Цвят: черен"
1765;7981;;0;"Размер: М | Цвят: черен"
1765;7982;;0;"Цвят: черен | Размер: L"
1765;7983;;0;"Цвят: черен | Размер: XL"
1765;7984;;0;"Размер: 2XL | Цвят: черен"
1768;8035;;0;"Размер: S | Цвят: антрацит"
1768;8036;;1;"Размер: М | Цвят: антрацит"
1768;8037;;0;"Размер: L | Цвят: антрацит"
1768;8038;;0;"Размер: XL | Цвят: антрацит"
1768;8039;;0;"Цвят: антрацит | Размер: 2XL"
1769;8040;;2;"Цвят: бял | Размер: S"
1769;8043;;0;"Цвят: бял | Размер: XL"
1770;8045;;0;"Размер: S | Цвят: черен"
1770;8046;;0;"Размер: М | Цвят: черен"
1770;8047;;0;"Цвят: черен | Размер: L"
1770;8048;;0;"Цвят: черен | Размер: XL"
1770;8049;;0;"Цвят: черен | Размер: 2XL"
1771;8050;;0;"Цвят: черен | Размер: S"
1771;8051;;0;"Размер: М | Цвят: черен"
1771;8052;;0;"Цвят: черен | Размер: L"
1771;8053;;0;"Размер: XL | Цвят: черен"
1771;8054;;0;"Размер: 2XL | Цвят: черен"
1772;8059;;1;"Цвят: черен | Размер: 2XL"
1774;8065;;0;"Цвят: черен | Размер: S"
1774;8066;;0;"Цвят: черен | Размер: М"
1774;8067;;0;"Цвят: черен | Размер: L"
1774;8068;;0;"Цвят: черен | Размер: XL"
1774;8069;;0;"Цвят: черен | Размер: 2XL"
1775;8070;;0;"Цвят: черен | Размер: S"
1775;8071;;0;"Размер: М | Цвят: черен"
1775;8072;;0;"Цвят: черен | Размер: L"
1775;8073;;0;"Цвят: черен | Размер: XL"
1775;8074;;0;"Размер: 2XL | Цвят: черен"
1776;8075;;0;"Размер: S | Цвят: бял"
1776;8076;;0;"Цвят: бял | Размер: М"
1776;8077;;0;"Размер: L | Цвят: бял"
1776;8078;;0;"Размер: XL | Цвят: бял"
1776;8079;;0;"Размер: 2XL | Цвят: бял"
1777;8080;;3;"Размер: S | Цвят: черен"
1777;8083;;0;"Размер: XL | Цвят: черен"
1780;8140;;0;"Цвят: черен | Размер: S"
1780;8141;;0;"Размер: М | Цвят: черен"
1780;8142;;0;"Цвят: черен | Размер: L"
1780;8143;;0;"Цвят: черен | Размер: XL"
1780;8144;;0;"Размер: 2XL | Цвят: черен"
1782;8106;;0;"Цвят: черен | Размер: М"
1782;8107;;0;"Размер: L | Цвят: черен"
1782;8108;;0;"Размер: XL | Цвят: черен"
1782;8109;;0;"Цвят: черен | Размер: 2XL"
1782;8146;;0;"Цвят: черен | Размер: 3XL"
1783;8233;;0;"Цвят: черен | Размер: 46"
1783;8234;;0;"Размер: 48 | Цвят: черен"
1783;8235;;0;"Цвят: черен | Размер: 50"
1783;8236;;0;"Размер: 52 | Цвят: черен"
1783;8237;;0;"Цвят: черен | Размер: 54"
1783;8238;;0;"Цвят: черен | Размер: 56"
1784;8110;;0;"Цвят: бял | Размер: S"
1784;8111;;0;"Цвят: бял | Размер: М"
1784;8112;;0;"Цвят: бял | Размер: L"
1784;8113;;0;"Цвят: бял | Размер: XL"
1784;8114;;0;"Размер: 2XL | Цвят: бял"
1792;8147;;0;"Размер: S | Цвят: бял"
1792;8148;;0;"Размер: М | Цвят: бял"
1792;8149;;0;"Размер: L | Цвят: бял"
1792;8150;;0;"Цвят: бял | Размер: XL"
1792;8151;;0;"Цвят: бял | Размер: 2XL"
1793;8162;;0;"Размер: S | Цвят: черен"
1793;8163;;0;"Цвят: черен | Размер: М"
1793;8164;;0;"Цвят: черен | Размер: L"
1793;8165;;0;"Цвят: черен | Размер: XL"
1793;8166;;0;"Цвят: черен | Размер: 2XL"
1794;8152;;0;"Цвят: бял | Размер: S"
1794;8153;;0;"Размер: М | Цвят: бял"
1794;8154;;0;"Цвят: бял | Размер: L"
1794;8155;;0;"Цвят: бял | Размер: XL"
1794;8156;;1;"Размер: 2XL | Цвят: бял"
1804;8209;;0;"Цвят: черен | Размер: S"
1804;8210;;0;"Размер: М | Цвят: черен"
1804;8211;;0;"Цвят: черен | Размер: L"
1804;8212;;0;"Размер: XL | Цвят: черен"
1804;8213;;0;"Цвят: черен | Размер: 2XL"
1804;8214;;0;"Цвят: черен | Размер: 3XL"
1806;8220;;2;"Размер: S | Цвят: син"
1806;8221;;0;"Размер: М | Цвят: син"
1807;8225;;1;"Размер: S | Цвят: черен"
1807;8226;;0;"Цвят: черен | Размер: М"
1810;8254;;0;"Размер: М | Цвят: черен"
1810;8255;;0;"Размер: L | Цвят: черен"
1810;8256;;0;"Размер: XL | Цвят: черен"
1810;8257;;0;"Размер: 2XL | Цвят: черен"
1810;8258;;0;"Размер: 3XL | Цвят: черен"
1813;8269;;0;"Цвят: тъмносин | Размер: М"
1813;8270;;0;"Размер: L | Цвят: тъмносин"
1813;8271;;0;"Цвят: тъмносин | Размер: XL"
1813;8272;;0;"Размер: 2XL | Цвят: тъмносин"
1813;8273;;0;"Размер: 3XL | Цвят: тъмносин"
1814;8274;;0;"Размер: М | Цвят: черен"
1814;8275;;0;"Цвят: черен | Размер: L"
1814;8278;;0;"Цвят: черен | Размер: 3XL"
1816;8284;;0;"Размер: S | Цвят: черен"
1816;8287;;0;"Цвят: черен | Размер: XL"
1817;8289;;1;"Размер: S | Цвят: бял"
1818;8294;;0;"Размер: М | Цвят: черен"
1818;8295;;0;"Размер: L | Цвят: черен"
1818;8296;;0;"Размер: XL | Цвят: черен"
1818;8297;;0;"Размер: 2XL | Цвят: черен"
1818;8298;;0;"Цвят: черен | Размер: 3XL"
1823;8319;;0;"Цвят: черен | Размер: 2XL"
1823;8320;;0;"Цвят: черен | Размер: 3XL"
1823;8321;;0;"Размер: 4XL | Цвят: черен"
1823;8322;;0;"Размер: 5XL | Цвят: черен"
1823;8323;;0;"Размер: 6XL | Цвят: черен"
1825;8328;;0;"Размер: М | Цвят: черен"
1825;8329;;0;"Размер: L | Цвят: черен"
1825;8330;;0;"Цвят: черен | Размер: XL"
1825;8331;;0;"Цвят: черен | Размер: 2XL"
1825;8389;;0;"Цвят: черен | Размер: 3XL"
1830;8355;;1;"Цвят: бял | Размер: 4XL"
1830;8356;;0;"Цвят: бял | Размер: 5XL"
1830;8357;;0;"Размер: 6XL | Цвят: бял"
1831;8358;;2;"Цвят: черен | Размер: S"
1834;8368;;0;"Цвят: черен | Размер: S"
1834;8369;;0;"Цвят: черен | Размер: М"
1834;8370;;0;"Цвят: черен | Размер: L"
1834;8371;;0;"Цвят: черен | Размер: XL"
1834;8372;;0;"Цвят: черен | Размер: 2XL"
1835;8373;;0;"Цвят: бял | Размер: S"
1835;8374;;0;"Цвят: бял | Размер: М"
1835;8375;;0;"Цвят: бял | Размер: L"
1835;8376;;0;"Размер: XL | Цвят: бял"
1835;8377;;0;"Размер: 2XL | Цвят: бял"
1836;8378;;0;"Цвят: черен | Размер: S"
1836;8379;;0;"Цвят: черен | Размер: М"
1836;8380;;0;"Размер: L | Цвят: черен"
1836;8381;;0;"Размер: XL | Цвят: черен"
1836;8382;;0;"Размер: 2XL | Цвят: черен"
1838;8516;;0;"Цвят: черен | Размер: S"
1838;8517;;0;"Цвят: черен | Размер: М"
1838;8518;;0;"Цвят: черен | Размер: L"
1838;8519;;0;"Цвят: черен | Размер: XL"
1838;8520;;0;"Цвят: черен | Размер: 2XL"
1841;8426;;0;"Цвят: бял | Размер: S"
1841;8427;;0;"Цвят: бял | Размер: М"
1841;8428;;0;"Цвят: бял | Размер: L"
1841;8429;;0;"Размер: XL | Цвят: бял"
1841;8430;;0;"Размер: 2XL | Цвят: бял"
1843;8431;;0;"Размер: S | Цвят: бял"
1843;8432;;0;"Размер: М | Цвят: бял"
1843;8433;;0;"Размер: L | Цвят: бял"
1843;8434;;0;"Цвят: бял | Размер: XL"
1843;8435;;0;"Цвят: бял | Размер: 2XL"
1845;8441;;0;"Цвят: бял | Размер: S"
1845;8442;;0;"Цвят: бял | Размер: М"
1845;8443;;0;"Цвят: бял | Размер: L"
1845;8444;;0;"Размер: XL | Цвят: бял"
1845;8445;;0;"Размер: 2XL | Цвят: бял"
1848;8451;;0;"Размер: S | Цвят: бял"
1848;8452;;0;"Цвят: бял | Размер: М"
1848;8453;;0;"Цвят: бял | Размер: L"
1848;8454;;0;"Цвят: бял | Размер: XL"
1848;8455;;0;"Цвят: бял | Размер: 2XL"
1850;8456;;0;"Цвят: черен | Размер: S"
1850;8457;;0;"Цвят: черен | Размер: М"
1850;8458;;0;"Цвят: черен | Размер: L"
1850;8459;;0;"Размер: XL | Цвят: черен"
1850;8460;;1;"Размер: 2XL | Цвят: черен"
1852;8400;;0;"Размер: М | Цвят: черен"
1852;8401;;0;"Размер: L | Цвят: черен"
1852;8402;;0;"Цвят: черен | Размер: XL"
1852;8403;;0;"Цвят: черен | Размер: 2XL"
1852;8404;;0;"Цвят: черен | Размер: 3XL"
1854;8471;;1;"Цвят: антрацит | Размер: S"
1854;8472;;0;"Размер: М | Цвят: антрацит"
1854;8473;;0;"Размер: L | Цвят: антрацит"
1854;8474;;0;"Размер: XL | Цвят: антрацит"
1854;8475;;0;"Размер: 2XL | Цвят: антрацит"
1856;8461;;0;"Размер: S | Цвят: син"
1856;8462;;0;"Цвят: син | Размер: М"
1856;8463;;0;"Размер: L | Цвят: син"
1856;8464;;0;"Цвят: син | Размер: XL"
1856;8465;;0;"Размер: 2XL | Цвят: син"
1857;8405;;0;"Размер: S"
1857;8406;;0;"Размер: М"
1857;8407;;0;"Размер: L"
1857;8408;;0;"Размер: XL"
1857;8409;;0;"Размер: 2XL"
1858;8521;;0;"Размер: S | Цвят: черен"
1858;8522;;0;"Размер: М | Цвят: черен"
1858;8523;;0;"Размер: L | Цвят: черен"
1858;8524;;0;"Цвят: черен | Размер: XL"
1858;8525;;0;"Цвят: черен | Размер: 2XL"
1860;8526;;0;"Цвят: черен | Размер: S"
1860;8527;;0;"Цвят: черен | Размер: М"
1860;8528;;0;"Цвят: черен | Размер: L"
1860;8529;;0;"Цвят: черен | Размер: XL"
1860;8530;;0;"Размер: 2XL | Цвят: черен"
1862;8486;;0;"Размер: М | Цвят: бял"
1862;8487;;0;"Размер: L | Цвят: бял"
1862;8488;;0;"Размер: XL | Цвят: бял"
1862;8489;;1;"Размер: 2XL | Цвят: бял"
1862;8490;;2;"Цвят: бял | Размер: 3XL"
1864;8491;;0;"Размер: М | Цвят: корало червен"
1864;8492;;0;"Размер: L | Цвят: корало червен"
1864;8493;;0;"Размер: XL | Цвят: корало червен"
1864;8494;;0;"Размер: 2XL | Цвят: корало червен"
1864;8495;;0;"Размер: 3XL | Цвят: корало червен"
1866;8496;;0;"Цвят: бял | Размер: М"
1866;8497;;0;"Цвят: бял | Размер: L"
1866;8498;;0;"Цвят: бял | Размер: XL"
1866;8499;;0;"Цвят: бял | Размер: 2XL"
1866;8500;;0;"Размер: 3XL | Цвят: бял"
1867;8531;;0;"Размер: 3XL | Цвят: черен"
1867;8532;;0;"Цвят: черен | Размер: 4XL"
1867;8533;;0;"Цвят: черен | Размер: 5XL"
1867;8534;;0;"Размер: 6XL | Цвят: черен"
1868;8535;;0;"Цвят: черен | Размер: 3XL"
1868;8536;;0;"Размер: 4XL | Цвят: черен"
1868;8537;;0;"Размер: 5XL | Цвят: черен"
1868;8538;;0;"Размер: 6XL | Цвят: черен"
1869;8539;;0;"Размер: S | Цвят: бял"
1870;8548;;0;"Цвят: розов | Размер: 2XL"
1872;8554;;2;"Размер: S | Цвят: бял"
1873;8559;;7;"Размер: S | Цвят: черен"
1874;8564;;2;"Размер: S"
1875;8569;;0;"Цвят: бял | Размер: S"
1875;8570;;0;"Цвят: бял | Размер: М"
1875;8571;;0;"Размер: L | Цвят: бял"
1875;8572;;0;"Цвят: бял | Размер: XL"
1875;8573;;0;"Размер: 2XL | Цвят: бял"
1876;8574;;0;"Размер: S | Цвят: черен"
1877;8579;;0;"Размер: S"
1878;8584;;0;"Размер: S | Цвят: бял"
1878;8585;;0;"Размер: М | Цвят: бял"
1878;8586;;0;"Размер: L | Цвят: бял"
1878;8587;;0;"Размер: XL | Цвят: бял"
1878;8588;;0;"Цвят: бял | Размер: 2XL"
1879;8589;;0;"Цвят: черен | Размер: S"
1879;8590;;0;"Размер: М | Цвят: черен"
1879;8591;;0;"Размер: L | Цвят: черен"
1879;8592;;0;"Размер: XL | Цвят: черен"
1879;8593;;0;"Размер: 2XL | Цвят: черен"
1880;8594;;0;"Размер: S | Цвят: черен"
1880;8595;;0;"Размер: М | Цвят: черен"
1880;8596;;0;"Цвят: черен | Размер: L"
1880;8597;;0;"Цвят: черен | Размер: XL"
1880;8598;;0;"Цвят: черен | Размер: 2XL"
1881;8599;;0;"Цвят: бял | Размер: S"
1881;8600;;0;"Размер: М | Цвят: бял"
1881;8601;;0;"Цвят: бял | Размер: L"
1881;8602;;0;"Размер: XL | Цвят: бял"
1881;8603;;1;"Цвят: бял | Размер: 2XL"
1882;8604;;0;"Цвят: черен | Размер: S"
1882;8605;;0;"Цвят: черен | Размер: М"
1882;8606;;0;"Цвят: черен | Размер: L"
1882;8607;;0;"Размер: XL | Цвят: черен"
1882;8608;;0;"Цвят: черен | Размер: 2XL"
1883;8609;;0;"Размер: М | Цвят: бял"
1883;8610;;0;"Цвят: бял | Размер: L"
1883;8611;;0;"Цвят: бял | Размер: XL"
1883;8612;;0;"Размер: 2XL | Цвят: бял"
1884;8614;;0;"Цвят: черен | Размер: М"
1884;8615;;0;"Цвят: черен | Размер: L"
1884;8616;;0;"Цвят: черен | Размер: XL"
1884;8617;;0;"Размер: 2XL | Цвят: черен"
1885;8624;;0;"Размер: М | Цвят: бял"
1885;8625;;0;"Размер: L | Цвят: бял"
1885;8626;;0;"Размер: XL | Цвят: бял"
1885;8627;;1;"Размер: 2XL | Цвят: бял"
1886;8629;;0;"Цвят: черен | Размер: М"
1886;8630;;0;"Цвят: черен | Размер: L"
1886;8631;;0;"Размер: XL | Цвят: черен"
1886;8632;;0;"Цвят: черен | Размер: 2XL"
1887;8634;;0;"Размер: М | Цвят: бял"
1887;8635;;0;"Цвят: бял | Размер: L"
1887;8636;;0;"Цвят: бял | Размер: XL"
1887;8637;;0;"Цвят: бял | Размер: 2XL"
1888;8619;;0;"Цвят: черен | Размер: М"
1888;8620;;0;"Размер: L | Цвят: черен"
1888;8621;;0;"Цвят: черен | Размер: XL"
1888;8622;;0;"Размер: 2XL | Цвят: черен"
1889;8639;;0;"Цвят: червен | Размер: S"
1889;8640;;0;"Размер: М | Цвят: червен"
1889;8641;;0;"Размер: L | Цвят: червен"
1889;8642;;0;"Цвят: червен | Размер: XL"
1889;8643;;0;"Цвят: червен | Размер: 2XL"
1891;8664;;0;"Размер: S | Цвят: бял"
1891;8665;;0;"Размер: М | Цвят: бял"
1891;8666;;0;"Размер: L | Цвят: бял"
1891;8667;;0;"Цвят: бял | Размер: XL"
1891;8668;;0;"Цвят: бял | Размер: 2XL"
1892;8680;;0;"Размер: М | Цвят: черен"
1892;8681;;0;"Размер: L | Цвят: черен"
1892;8682;;0;"Цвят: черен | Размер: XL"
1892;8683;;0;"Цвят: черен | Размер: 2XL"
1892;8694;;0;"Цвят: черен | Размер: 3XL"
1893;8644;;0;"Цвят: бял | Размер: М"
1893;8645;;0;"Цвят: бял | Размер: L"
1893;8646;;0;"Размер: XL | Цвят: бял"
1893;8647;;0;"Цвят: бял | Размер: 2XL"
1893;8648;;0;"Размер: 3XL | Цвят: бял"
1894;8649;;0;"Размер: М | Цвят: тъмносин"
1894;8650;;0;"Размер: L | Цвят: тъмносин"
1894;8651;;0;"Цвят: тъмносин | Размер: XL"
1894;8652;;0;"Размер: 2XL | Цвят: тъмносин"
1894;8653;;0;"Цвят: тъмносин | Размер: 3XL"
1895;8669;;0;"Цвят: черен | Размер: S"
1895;8670;;0;"Размер: М | Цвят: черен"
1895;8671;;0;"Размер: L | Цвят: черен"
1895;8672;;0;"Размер: XL | Цвят: черен"
1895;8673;;0;"Размер: 2XL | Цвят: черен"
1896;8684;;0;"Цвят: черен | Размер: S"
1896;8685;;0;"Размер: М | Цвят: черен"
1896;8686;;0;"Цвят: черен | Размер: L"
1896;8687;;0;"Размер: XL | Цвят: черен"
1896;8688;;0;"Размер: 2XL | Цвят: черен"
1897;8689;;0;"Размер: S | Цвят: черен"
1897;8690;;0;"Цвят: черен | Размер: М"
1897;8691;;0;"Цвят: черен | Размер: L"
1897;8692;;0;"Цвят: черен | Размер: XL"
1897;8693;;0;"Цвят: черен | Размер: 2XL"
1898;8654;;1;"Цвят: бял | Размер: S"
1898;8655;;0;"Цвят: бял | Размер: М"
1898;8656;;0;"Цвят: бял | Размер: L"
1898;8657;;0;"Цвят: бял | Размер: XL"
1898;8658;;1;"Размер: 2XL | Цвят: бял"
1899;8659;;0;"Размер: S | Цвят: черен"
1899;8660;;0;"Цвят: черен | Размер: М"
1899;8661;;0;"Размер: L | Цвят: черен"
1899;8662;;0;"Размер: XL | Цвят: черен"
1899;8663;;0;"Цвят: черен | Размер: 2XL"
1900;8785;;0;"Размер: S"
1900;8786;;0;"Размер: М"
1900;8787;;0;"Размер: L"
1900;8788;;0;"Размер: XL"
1900;8789;;0;"Размер: 2XL"
1901;8790;;0;"Цвят: син | Размер: S"
1901;8791;;0;"Цвят: син | Размер: М"
1901;8792;;0;"Цвят: син | Размер: L"
1901;8793;;0;"Цвят: син | Размер: XL"
1901;8794;;0;"Размер: 2XL | Цвят: син"
1902;8795;;0;"Размер: S | Цвят: черен"
1902;8796;;0;"Размер: М | Цвят: черен"
1902;8797;;0;"Размер: L | Цвят: черен"
1902;8798;;0;"Цвят: черен | Размер: XL"
1902;8799;;0;"Цвят: черен | Размер: 2XL"
1903;8800;;0;"Размер: S | Цвят: черен"
1903;8801;;0;"Размер: М | Цвят: черен"
1903;8802;;0;"Размер: L | Цвят: черен"
1903;8803;;0;"Размер: XL | Цвят: черен"
1903;8804;;0;"Размер: 2XL | Цвят: черен"
1904;8805;;0;"Размер: S | Цвят: бял"
1904;8806;;0;"Цвят: бял | Размер: М"
1904;8807;;0;"Цвят: бял | Размер: L"
1904;8808;;0;"Размер: XL | Цвят: бял"
1904;8809;;0;"Цвят: бял | Размер: 2XL"
1907;8815;;0;"Размер: S"
1907;8816;;0;"Размер: М"
1907;8817;;0;"Размер: L"
1907;8818;;0;"Размер: XL"
1907;8819;;0;"Размер: 2XL"
1908;8820;;0;"Размер: S | Цвят: син"
1908;8821;;0;"Размер: М | Цвят: син"
1908;8822;;0;"Цвят: син | Размер: L"
1908;8823;;0;"Цвят: син | Размер: XL"
1908;8824;;0;"Цвят: син | Размер: 2XL"
1910;8720;;0;"Размер: S | Цвят: черен"
1910;8721;;0;"Размер: М | Цвят: черен"
1910;8722;;0;"Размер: L | Цвят: черен"
1910;8723;;0;"Размер: XL | Цвят: черен"
1910;8724;;0;"Размер: 2XL | Цвят: черен"
1912;8695;;0;"Размер: S"
1912;8696;;0;"Размер: М"
1912;8697;;0;"Размер: L"
1912;8698;;0;"Размер: XL"
1912;8699;;0;"Размер: 2XL"
1913;8700;;0;"Цвят: черен | Размер: S"
1913;8701;;0;"Цвят: черен | Размер: М"
1913;8702;;0;"Размер: L | Цвят: черен"
1913;8703;;0;"Цвят: черен | Размер: XL"
1913;8704;;0;"Цвят: черен | Размер: 2XL"
1914;8705;;0;"Размер: S | Цвят: син"
1914;8706;;0;"Цвят: син | Размер: М"
1914;8707;;0;"Размер: L | Цвят: син"
1914;8708;;0;"Размер: XL | Цвят: син"
1914;8709;;0;"Цвят: син | Размер: 2XL"
1915;8725;;0;"Цвят: бял | Размер: S"
1915;8726;;0;"Размер: М | Цвят: бял"
1915;8727;;0;"Размер: L | Цвят: бял"
1915;8728;;0;"Размер: XL | Цвят: бял"
1915;8729;;0;"Размер: 2XL | Цвят: бял"
1916;8730;;0;"Размер: S | Цвят: черен"
1916;8731;;0;"Цвят: черен | Размер: М"
1916;8732;;0;"Цвят: черен | Размер: L"
1916;8733;;0;"Цвят: черен | Размер: XL"
1916;8734;;0;"Цвят: черен | Размер: 2XL"
1917;8735;;0;"Размер: S | Цвят: черен"
1917;8736;;0;"Размер: М | Цвят: черен"
1917;8737;;0;"Размер: L | Цвят: черен"
1917;8738;;0;"Размер: XL | Цвят: черен"
1917;8739;;0;"Цвят: черен | Размер: 2XL"
1918;8740;;0;"Цвят: черен | Размер: S"
1918;8741;;0;"Цвят: черен | Размер: М"
1918;8742;;0;"Цвят: черен | Размер: L"
1918;8743;;0;"Цвят: черен | Размер: XL"
1918;8744;;0;"Цвят: черен | Размер: 2XL"
1919;8745;;0;"Размер: S | Цвят: черен"
1919;8746;;0;"Размер: М | Цвят: черен"
1919;8747;;0;"Цвят: черен | Размер: L"
1919;8748;;0;"Цвят: черен | Размер: XL"
1919;8749;;0;"Размер: 2XL | Цвят: черен"
1920;8750;;0;"Цвят: черен | Размер: S"
1920;8751;;0;"Цвят: черен | Размер: М"
1920;8752;;0;"Цвят: черен | Размер: L"
1920;8753;;0;"Цвят: черен | Размер: XL"
1920;8754;;0;"Размер: 2XL | Цвят: черен"
1921;8755;;0;"Размер: S | Цвят: черен"
1921;8756;;0;"Цвят: черен | Размер: М"
1921;8757;;0;"Размер: L | Цвят: черен"
1921;8758;;0;"Цвят: черен | Размер: XL"
1921;8759;;0;"Размер: 2XL | Цвят: черен"
1922;8760;;0;"Размер: S | Цвят: черен"
1922;8761;;0;"Размер: М | Цвят: черен"
1922;8762;;0;"Размер: L | Цвят: черен"
1922;8763;;0;"Размер: XL | Цвят: черен"
1922;8764;;0;"Цвят: черен | Размер: 2XL"
1923;8765;;0;"Размер: S | Цвят: черен"
1923;8766;;0;"Размер: М | Цвят: черен"
1923;8767;;0;"Размер: L | Цвят: черен"
1923;8768;;0;"Размер: XL | Цвят: черен"
1923;8769;;0;"Размер: 2XL | Цвят: черен"
1924;8770;;0;"Размер: S | Цвят: черен"
1924;8771;;0;"Цвят: черен | Размер: М"
1924;8772;;0;"Цвят: черен | Размер: L"
1924;8773;;0;"Цвят: черен | Размер: XL"
1924;8774;;0;"Цвят: черен | Размер: 2XL"
1925;8775;;0;"Цвят: черен | Размер: S"
1925;8776;;0;"Размер: М | Цвят: черен"
1925;8777;;0;"Размер: L | Цвят: черен"
1925;8778;;0;"Размер: XL | Цвят: черен"
1925;8779;;0;"Цвят: черен | Размер: 2XL"
1926;8780;;0;"Цвят: черен | Размер: S"
1926;8781;;0;"Цвят: черен | Размер: М"
1926;8782;;0;"Цвят: черен | Размер: L"
1926;8783;;0;"Цвят: черен | Размер: XL"
1926;8784;;0;"Цвят: черен | Размер: 2XL"
1928;8825;;0;"Цвят: бял | Размер: S"
1928;8826;;0;"Размер: М | Цвят: бял"
1928;8827;;0;"Размер: L | Цвят: бял"
1928;8828;;1;"Размер: XL | Цвят: бял"
1928;8829;;1;"Цвят: бял | Размер: 2XL"
1929;8830;;0;"Цвят: черен | Размер: S"
1929;8831;;0;"Цвят: черен | Размер: М"
1929;8832;;0;"Цвят: черен | Размер: L"
1929;8833;;0;"Цвят: черен | Размер: XL"
1929;8834;;1;"Размер: 2XL | Цвят: черен"
1930;8835;;0;"Цвят: черен | Размер: S"
1930;8836;;0;"Размер: М | Цвят: черен"
1930;8837;;0;"Размер: L | Цвят: черен"
1930;8838;;0;"Цвят: черен | Размер: XL"
1930;8839;;1;"Цвят: черен | Размер: 2XL"
1931;8840;;0;"Размер: S | Цвят: черен"
1931;8841;;0;"Цвят: черен | Размер: М"
1931;8842;;0;"Размер: L | Цвят: черен"
1931;8843;;0;"Цвят: черен | Размер: XL"
1931;8844;;0;"Размер: 2XL | Цвят: черен"
1932;8845;;0;"Размер: S | Цвят: черен"
1932;8846;;0;"Размер: М | Цвят: черен"
1932;8847;;0;"Размер: L | Цвят: черен"
1932;8848;;0;"Размер: XL | Цвят: черен"
1932;8849;;0;"Размер: 2XL | Цвят: черен"
1933;8853;;0;"Размер: XL | Цвят: черен"
1933;8854;;0;"Размер: 2XL | Цвят: черен"
1933;9034;;0;"Цвят: черен | Размер: 3XL"
1934;8855;;1;"Размер: S | Цвят: черен"
1934;8856;;0;"Размер: М | Цвят: черен"
1934;8857;;0;"Цвят: черен | Размер: L"
1934;8858;;1;"Цвят: черен | Размер: XL"
1934;8859;;0;"Цвят: черен | Размер: 2XL"
1935;8860;;0;"Цвят: черен | Размер: S"
1935;8861;;0;"Размер: М | Цвят: черен"
1935;8862;;0;"Размер: L | Цвят: черен"
1935;8863;;0;"Размер: XL | Цвят: черен"
1935;8864;;0;"Размер: 2XL | Цвят: черен"
1936;8865;;0;"Цвят: черен | Размер: S"
1936;8866;;0;"Цвят: черен | Размер: М"
1936;8867;;0;"Цвят: черен | Размер: L"
1936;8868;;0;"Цвят: черен | Размер: XL"
1936;8869;;0;"Цвят: черен | Размер: 2XL"
1937;8870;;0;"Цвят: бял | Размер: S"
1937;8871;;0;"Цвят: бял | Размер: М"
1937;8872;;0;"Цвят: бял | Размер: L"
1937;8873;;0;"Цвят: бял | Размер: XL"
1937;8874;;0;"Размер: 2XL | Цвят: бял"
1938;8875;;0;"Цвят: черен | Размер: S"
1938;8876;;0;"Размер: М | Цвят: черен"
1938;8877;;0;"Размер: L | Цвят: черен"
1938;8878;;0;"Цвят: черен | Размер: XL"
1938;8879;;0;"Цвят: черен | Размер: 2XL"
1939;8880;;0;"Цвят: бял | Размер: S"
1939;8881;;0;"Размер: М | Цвят: бял"
1939;8882;;0;"Цвят: бял | Размер: L"
1939;8883;;0;"Цвят: бял | Размер: XL"
1939;8884;;1;"Размер: 2XL | Цвят: бял"
1940;8885;;0;"Размер: S | Цвят: черен"
1940;8886;;0;"Цвят: черен | Размер: М"
1940;8887;;0;"Размер: L | Цвят: черен"
1940;8888;;0;"Размер: XL | Цвят: черен"
1940;8889;;0;"Размер: 2XL | Цвят: черен"
1949;8941;;1;"Размер: М | Цвят: черен"
1949;8942;;0;"Цвят: черен | Размер: L"
1949;8943;;0;"Цвят: черен | Размер: XL"
1949;8944;;0;"Цвят: черен | Размер: 2XL"
1950;8916;;0;"Размер: S"
1950;8917;;0;"Размер: М"
1950;8918;;0;"Размер: L"
1950;8919;;0;"Размер: XL"
1950;8920;;0;"Размер: 2XL"
1951;8921;;0;"Цвят: каки | Размер: S"
1951;8922;;0;"Цвят: каки | Размер: М"
1951;8923;;0;"Размер: L | Цвят: каки"
1951;8924;;0;"Размер: XL | Цвят: каки"
1951;8925;;0;"Размер: 2XL | Цвят: каки"
1952;8967;;0;"Цвят: черен | Размер: М"
1952;8968;;0;"Размер: L | Цвят: черен"
1952;8969;;0;"Размер: XL | Цвят: черен"
1952;8970;;0;"Размер: 2XL | Цвят: черен"
1953;8906;;0;"Размер: S | Цвят: черен"
1953;8907;;1;"Размер: М | Цвят: черен"
1953;8908;;1;"Цвят: черен | Размер: L"
1953;8909;;1;"Размер: XL | Цвят: черен"
1953;8910;;0;"Размер: 2XL | Цвят: черен"
1954;8911;;0;"Цвят: светлокремав | Размер: S"
1954;8912;;0;"Цвят: светлокремав | Размер: М"
1954;8913;;0;"Цвят: светлокремав | Размер: L"
1954;8914;;0;"Цвят: светлокремав | Размер: XL"
1954;8915;;0;"Размер: 2XL | Цвят: светлокремав"
1955;9035;;0;"Размер: S"
1955;9036;;0;"Размер: М"
1955;9037;;0;"Размер: L"
1955;9038;;0;"Размер: XL"
1955;9039;;0;"Размер: 2XL"
1956;8995;;1;"Размер: S | Цвят: бял"
1956;8996;;1;"Цвят: бял | Размер: М"
1956;8997;;1;"Размер: L | Цвят: бял"
1956;8998;;1;"Размер: XL | Цвят: бял"
1956;8999;;1;"Размер: 2XL | Цвят: бял"
1957;8971;;0;"Размер: М | Цвят: черен"
1957;8972;;0;"Размер: L | Цвят: черен"
1957;8973;;0;"Размер: XL | Цвят: черен"
1957;8974;;0;"Цвят: черен | Размер: 2XL"
1958;8975;;0;"Цвят: черен | Размер: М"
1958;8976;;0;"Размер: L | Цвят: черен"
1958;8977;;0;"Размер: XL | Цвят: черен"
1958;8978;;0;"Цвят: черен | Размер: 2XL"
1959;9001;;0;"Размер: М"
1959;9002;;0;"Размер: L"
1959;9003;;0;"Размер: XL"
1959;9004;;0;"Размер: 2XL"
1959;9033;;0;"Размер: 3XL"
1960;8980;;0;"Цвят: черен | Размер: S"
1960;8981;;0;"Размер: М | Цвят: черен"
1960;8982;;0;"Размер: L | Цвят: черен"
1960;8983;;0;"Цвят: черен | Размер: XL"
1960;8984;;0;"Цвят: черен | Размер: 2XL"
1961;9407;;0;"Цвят: каки | Размер: М"
1961;9408;;0;"Цвят: каки | Размер: L"
1961;9409;;0;"Цвят: каки | Размер: XL"
1961;9410;;0;"Размер: 2XL | Цвят: каки"
1962;8985;;0;"Размер: S"
1962;8986;;1;"Размер: М"
1962;8987;;0;"Размер: L"
1962;8988;;0;"Размер: XL"
1962;8989;;0;"Размер: 2XL"
1963;8890;;0;"Размер: М | Цвят: черен"
1963;8891;;0;"Цвят: черен | Размер: L"
1963;8892;;0;"Размер: XL | Цвят: черен"
1963;8893;;0;"Цвят: черен | Размер: 2XL"
1964;8894;;0;"Размер: М | Цвят: червен"
1964;8895;;0;"Размер: L | Цвят: червен"
1964;8896;;0;"Размер: XL | Цвят: червен"
1964;8897;;1;"Размер: 2XL | Цвят: червен"
1965;8898;;0;"Размер: М | Цвят: черен"
1965;8899;;0;"Размер: L | Цвят: черен"
1965;8900;;1;"Размер: XL | Цвят: черен"
1965;8901;;0;"Размер: 2XL | Цвят: черен"
1966;8902;;0;"Размер: М | Цвят: черен"
1966;8903;;0;"Цвят: черен | Размер: L"
1966;8904;;0;"Цвят: черен | Размер: XL"
1966;8905;;0;"Цвят: черен | Размер: 2XL"
1967;8926;;0;"Цвят: черен | Размер: S"
1967;8927;;1;"Размер: М | Цвят: черен"
1967;8928;;0;"Размер: L | Цвят: черен"
1967;8929;;0;"Размер: XL | Цвят: черен"
1967;8930;;0;"Размер: 2XL | Цвят: черен"
1968;8936;;0;"Цвят: черен | Размер: М"
1968;8937;;0;"Цвят: черен | Размер: L"
1968;8938;;0;"Размер: XL | Цвят: черен"
1968;8939;;0;"Цвят: черен | Размер: 2XL"
1968;8940;;0;"Размер: 3XL | Цвят: черен"
1969;8931;;0;"Цвят: черен | Размер: S"
1969;8932;;0;"Размер: М | Цвят: черен"
1969;8933;;0;"Размер: L | Цвят: черен"
1969;8934;;0;"Цвят: черен | Размер: XL"
1969;8935;;0;"Цвят: черен | Размер: 2XL"
1970;8949;;0;"Цвят: тъмнозелен | Размер: М"
1970;8950;;1;"Цвят: тъмнозелен | Размер: L"
1970;8951;;0;"Цвят: тъмнозелен | Размер: XL"
1970;8952;;1;"Размер: 2XL | Цвят: тъмнозелен"
1971;8953;;1;"Цвят: черен | Размер: М"
1971;8954;;1;"Цвят: черен | Размер: L"
1971;8955;;1;"Цвят: черен | Размер: XL"
1971;8956;;1;"Размер: 2XL | Цвят: черен"
1972;9005;;0;"Цвят: черен | Размер: S"
1972;9006;;0;"Цвят: черен | Размер: М"
1972;9007;;0;"Цвят: черен | Размер: L"
1972;9008;;0;"Цвят: черен | Размер: XL"
1972;9009;;0;"Размер: 2XL | Цвят: черен"
1973;8957;;0;"Размер: М | Цвят: черен"
1973;8958;;1;"Цвят: черен | Размер: L"
1973;8959;;0;"Цвят: черен | Размер: XL"
1973;8960;;0;"Цвят: черен | Размер: 2XL"
1973;8961;;0;"Размер: 3XL | Цвят: черен"
1974;8962;;0;"Размер: 3XL | Цвят: черен"
1974;8963;;1;"Размер: 4XL | Цвят: черен"
1974;8964;;1;"Размер: 5XL | Цвят: черен"
1974;8965;;1;"Размер: 6XL | Цвят: черен"
1974;8966;;0;"Цвят: черен | Размер: 7XL"
1975;9010;;0;"Размер: S | Цвят: черен"
1975;9011;;0;"Цвят: черен | Размер: М"
1975;9012;;0;"Размер: L | Цвят: черен"
1975;9013;;0;"Размер: XL | Цвят: черен"
1976;9014;;0;"Размер: S | Цвят: каки"
1976;9015;;0;"Размер: М | Цвят: каки"
1976;9016;;0;"Цвят: каки | Размер: L"
1976;9017;;0;"Цвят: каки | Размер: XL"
1977;9018;;1;"Цвят: черен | Размер: S"
1977;9019;;0;"Размер: М | Цвят: черен"
1977;9020;;0;"Размер: L | Цвят: черен"
1977;9021;;0;"Размер: XL | Цвят: черен"
1978;9022;;1;"Цвят: каки | Размер: 30"
1978;9023;;0;"Цвят: каки | Размер: 32"
1978;9024;;2;"Размер: 34 | Цвят: каки"
1978;9025;;1;"Размер: 36 | Цвят: каки"
1978;9026;;1;"Размер: 38 | Цвят: каки"
1980;9027;;0;"Размер: 30 | Цвят: черен"
1980;9028;;0;"Цвят: черен | Размер: 32"
1980;9029;;0;"Цвят: черен | Размер: 34"
1980;9030;;0;"Цвят: черен | Размер: 36"
1980;9031;;1;"Цвят: черен | Размер: 38"
1982;9040;;1;"Цвят: бял | Размер: S"
1982;9041;;0;"Цвят: бял | Размер: М"
1982;9042;;1;"Цвят: бял | Размер: L"
1982;9089;;1;"Цвят: бял | Размер: XL"
1982;9090;;0;"Размер: 2XL | Цвят: бял"
1983;9043;;0;"Размер: S | Цвят: черен"
1983;9044;;0;"Размер: М | Цвят: черен"
1983;9045;;1;"Размер: L | Цвят: черен"
1983;9091;;1;"Цвят: черен | Размер: XL"
1983;9092;;1;"Размер: 2XL | Цвят: черен"
1984;9046;;1;"Цвят: черен | Размер: S"
1984;9047;;1;"Цвят: черен | Размер: М"
1984;9048;;1;"Цвят: черен | Размер: L"
1985;9049;;1;"Размер: S | Цвят: черен"
1985;9050;;2;"Цвят: черен | Размер: М"
1985;9051;;1;"Цвят: черен | Размер: L"
1986;9052;;0;"Размер: S | Цвят: черен"
1986;9053;;0;"Цвят: черен | Размер: М"
1986;9054;;0;"Размер: L | Цвят: черен"
1986;9055;;0;"Цвят: черен | Размер: XL"
1986;9056;;0;"Цвят: черен | Размер: 2XL"
1987;9057;;0;"Цвят: черен | Размер: S"
1987;9058;;0;"Размер: М | Цвят: черен"
1987;9059;;0;"Размер: L | Цвят: черен"
1987;9060;;0;"Размер: XL | Цвят: черен"
1987;9061;;0;"Размер: 2XL | Цвят: черен"
1988;9062;;0;"Цвят: черен | Размер: S"
1988;9063;;0;"Размер: М | Цвят: черен"
1988;9064;;0;"Размер: L | Цвят: черен"
1988;9065;;0;"Цвят: черен | Размер: XL"
1988;9066;;0;"Цвят: черен | Размер: 2XL"
1989;9067;;0;"Цвят: черен | Размер: S"
1989;9068;;0;"Размер: М | Цвят: черен"
1989;9069;;0;"Размер: L | Цвят: черен"
1989;9070;;0;"Цвят: черен | Размер: XL"
1989;9071;;0;"Цвят: черен | Размер: 2XL"
1990;9072;;0;"Цвят: черен | Размер: S"
1990;9073;;0;"Размер: М | Цвят: черен"
1990;9074;;0;"Размер: L | Цвят: черен"
1990;9075;;0;"Размер: XL | Цвят: черен"
1991;9076;;1;"Размер: S | Цвят: черен"
1991;9077;;0;"Размер: М | Цвят: черен"
1991;9078;;0;"Цвят: черен | Размер: L"
1991;9079;;0;"Размер: XL | Цвят: черен"
1992;9081;;1;"Размер: S | Цвят: черен"
1992;9082;;0;"Цвят: черен | Размер: М"
1992;9083;;0;"Цвят: черен | Размер: L"
1992;9084;;0;"Размер: XL | Цвят: черен"
1993;9085;;1;"Размер: S | Цвят: черен"
1993;9086;;0;"Размер: М | Цвят: черен"
1993;9087;;0;"Цвят: черен | Размер: L"
1993;9088;;0;"Цвят: черен | Размер: XL"
1994;9093;;0;"Цвят: черен | Размер: 3XL"
1994;9094;;1;"Цвят: черен | Размер: 4XL"
1994;9095;;0;"Цвят: черен | Размер: 5XL"
1994;9096;;0;"Размер: 6XL | Цвят: черен"
1995;9097;;0;"Цвят: черен | Размер: S"
1995;9098;;1;"Цвят: черен | Размер: М"
1995;9099;;1;"Размер: L | Цвят: черен"
1995;9100;;1;"Цвят: черен | Размер: XL"
1995;9101;;1;"Размер: 2XL | Цвят: черен"
1996;9486;;1;"Размер: S | Цвят: светлобежов"
1996;9487;;0;"Размер: М | Цвят: светлобежов"
1996;9488;;1;"Размер: L | Цвят: светлобежов"
1997;9489;;0;"Размер: S | Цвят: черен"
1997;9490;;0;"Размер: М | Цвят: черен"
1997;9491;;0;"Цвят: черен | Размер: L"
1998;9492;;1;"Размер: S | Цвят: тъмносин"
1998;9493;;1;"Цвят: тъмносин | Размер: М"
1998;9494;;0;"Цвят: тъмносин | Размер: L"
1999;9495;;0;"Цвят: черен | Размер: S"
1999;9496;;1;"Цвят: черен | Размер: М"
1999;9497;;0;"Цвят: черен | Размер: L"
2000;9119;;0;"Размер: S | Цвят: черен"
2000;9120;;0;"Размер: М | Цвят: черен"
2000;9121;;0;"Размер: L | Цвят: черен"
2000;9122;;0;"Цвят: черен | Размер: XL"
2000;9123;;0;"Цвят: черен | Размер: 2XL"
2002;9124;;0;"Размер: М | Цвят: светлокремав"
2002;9125;;0;"Размер: L | Цвят: светлокремав"
2002;9126;;0;"Размер: XL | Цвят: светлокремав"
2002;9127;;1;"Цвят: светлокремав | Размер: 2XL"
2003;9132;;0;"Размер: М | Цвят: тъмносин"
2003;9133;;1;"Размер: L | Цвят: тъмносин"
2003;9134;;1;"Размер: XL | Цвят: тъмносин"
2003;9135;;1;"Размер: 2XL | Цвят: тъмносин"
2004;9136;;0;"Цвят: светлобежов | Размер: S"
2004;9137;;0;"Цвят: светлобежов | Размер: М"
2004;9138;;0;"Цвят: светлобежов | Размер: L"
2004;9143;;1;"Размер: XL | Цвят: светлобежов"
2004;9144;;0;"Цвят: светлобежов | Размер: 2XL"
2005;9145;;0;"Цвят: черен | Размер: S"
2005;9146;;0;"Цвят: черен | Размер: М"
2005;9147;;0;"Цвят: черен | Размер: L"
2005;9148;;0;"Размер: XL | Цвят: черен"
2005;9149;;0;"Цвят: черен | Размер: 2XL"
2006;9150;;0;"Цвят: бял | Размер: S"
2006;9151;;0;"Размер: М | Цвят: бял"
2006;9152;;0;"Размер: L | Цвят: бял"
2006;9153;;1;"Цвят: бял | Размер: XL"
2006;9154;;0;"Размер: 2XL | Цвят: бял"
2007;9155;;0;"Размер: S | Цвят: черен"
2007;9156;;0;"Цвят: черен | Размер: М"
2007;9157;;0;"Цвят: черен | Размер: L"
2007;9158;;1;"Цвят: черен | Размер: XL"
2008;9159;;0;"Размер: S | Цвят: бял"
2008;9160;;0;"Цвят: бял | Размер: М"
2008;9161;;1;"Размер: L | Цвят: бял"
2008;9162;;0;"Цвят: бял | Размер: XL"
2009;9163;;0;"Размер: М | Цвят: бордо"
2009;9164;;0;"Размер: L | Цвят: бордо"
2009;9165;;0;"Цвят: бордо | Размер: XL"
2009;9166;;0;"Цвят: бордо | Размер: 2XL"
2010;9167;;0;"Размер: М | Цвят: син"
2010;9168;;1;"Размер: L | Цвят: син"
2010;9169;;1;"Размер: XL | Цвят: син"
2010;9170;;2;"Размер: 2XL | Цвят: син"
2011;9171;;0;"Размер: М | Цвят: тъмнозелен"
2011;9172;;0;"Цвят: тъмнозелен | Размер: L"
2011;9173;;0;"Размер: XL | Цвят: тъмнозелен"
2011;9174;;1;"Цвят: тъмнозелен | Размер: 2XL"
2012;9175;;1;"Размер: М | Цвят: светлобежов"
2012;9176;;0;"Цвят: светлобежов | Размер: L"
2012;9177;;1;"Цвят: светлобежов | Размер: XL"
2012;9178;;0;"Цвят: светлобежов | Размер: 2XL"
2013;9179;;1;"Цвят: черен | Размер: М"
2013;9180;;0;"Цвят: черен | Размер: L"
2013;9181;;0;"Размер: XL | Цвят: черен"
2013;9182;;1;"Размер: 2XL | Цвят: черен"
2014;9183;;0;"Цвят: индиго | Размер: М"
2014;9184;;0;"Цвят: индиго | Размер: L"
2014;9185;;1;"Цвят: индиго | Размер: XL"
2014;9186;;0;"Цвят: индиго | Размер: 2XL"
2015;9187;;0;"Цвят: тъмнозелен | Размер: М"
2015;9188;;0;"Цвят: тъмнозелен | Размер: L"
2015;9189;;0;"Размер: XL | Цвят: тъмнозелен"
2015;9190;;0;"Цвят: тъмнозелен | Размер: 2XL"
2017;9196;;0;"Размер: S | Цвят: черен"
2017;9197;;0;"Цвят: черен | Размер: М"
2017;9198;;0;"Размер: L | Цвят: черен"
2017;9199;;0;"Цвят: черен | Размер: XL"
2017;9200;;0;"Размер: 2XL | Цвят: черен"
2018;9201;;1;"Цвят: черен | Размер: 3XL"
2018;9202;;0;"Цвят: черен | Размер: 4XL"
2018;9203;;0;"Цвят: черен | Размер: 5XL"
2018;9204;;1;"Размер: 6XL | Цвят: черен"
2019;9205;;0;"Цвят: черен | Размер: S"
2019;9206;;0;"Размер: М | Цвят: черен"
2019;9207;;0;"Размер: L | Цвят: черен"
2019;9208;;0;"Цвят: черен | Размер: XL"
2019;9209;;0;"Размер: 2XL | Цвят: черен"
2020;9545;;0;"Размер: S | Цвят: тъмносин"
2020;9546;;0;"Цвят: тъмносин | Размер: М"
2020;9547;;0;"Цвят: тъмносин | Размер: L"
2020;9548;;0;"Цвят: тъмносин | Размер: XL"
2021;9498;;0;"Цвят: черен | Размер: S"
2021;9499;;0;"Цвят: черен | Размер: М"
2021;9500;;0;"Размер: L | Цвят: черен"
2021;9501;;0;"Размер: XL | Цвят: черен"
2021;9502;;0;"Цвят: черен | Размер: 2XL"
2022;9306;;0;"Размер: S | Цвят: бял"
2022;9307;;0;"Размер: М | Цвят: бял"
2022;9308;;0;"Цвят: бял | Размер: L"
2022;9309;;2;"Размер: XL | Цвят: бял"
2022;9310;;0;"Размер: 2XL | Цвят: бял"
2023;9234;;1;"Цвят: черен | Размер: S"
2023;9235;;0;"Цвят: черен | Размер: М"
2023;9236;;0;"Цвят: черен | Размер: L"
2023;9237;;0;"Размер: XL | Цвят: черен"
2024;9210;;0;"Размер: М"
2024;9211;;0;"Размер: L"
2024;9212;;0;"Размер: XL"
2024;9213;;0;"Размер: 2XL"
2024;9214;;0;"Размер: 3XL"
2025;9215;;0;"Размер: М | Цвят: черен"
2025;9216;;0;"Размер: L | Цвят: черен"
2025;9217;;0;"Размер: XL | Цвят: черен"
2025;9218;;0;"Цвят: черен | Размер: 2XL"
2025;9219;;0;"Размер: 3XL | Цвят: черен"
2027;9238;;0;"Размер: S"
2027;9239;;0;"Размер: М"
2027;9240;;0;"Размер: L"
2027;9241;;0;"Размер: XL"
2028;9242;;0;"Цвят: черен | Размер: S"
2028;9243;;0;"Размер: М | Цвят: черен"
2028;9244;;0;"Цвят: черен | Размер: L"
2028;9245;;0;"Цвят: черен | Размер: XL"
2029;9246;;0;"Цвят: черен | Размер: S"
2029;9247;;0;"Цвят: черен | Размер: М"
2029;9248;;0;"Цвят: черен | Размер: L"
2029;9249;;0;"Цвят: черен | Размер: XL"
2029;9250;;0;"Размер: 2XL | Цвят: черен"
2030;9251;;0;"Размер: S | Цвят: черен"
2030;9252;;0;"Цвят: черен | Размер: М"
2030;9253;;0;"Размер: L | Цвят: черен"
2030;9254;;0;"Цвят: черен | Размер: XL"
2030;9255;;0;"Цвят: черен | Размер: 2XL"
2031;9256;;0;"Размер: М | Цвят: черен"
2031;9257;;0;"Размер: L | Цвят: черен"
2031;9258;;0;"Цвят: черен | Размер: XL"
2031;9259;;0;"Размер: 2XL | Цвят: черен"
2031;9260;;0;"Цвят: черен | Размер: 3XL"
2032;9261;;1;"Цвят: черен | Размер: М"
2032;9262;;1;"Цвят: черен | Размер: L"
2032;9263;;0;"Размер: XL | Цвят: черен"
2032;9264;;0;"Цвят: черен | Размер: 2XL"
2032;9265;;0;"Размер: 3XL | Цвят: черен"
2033;9266;;0;"Размер: М | Цвят: черен"
2033;9267;;0;"Размер: L | Цвят: черен"
2033;9268;;0;"Цвят: черен | Размер: XL"
2033;9269;;0;"Размер: 2XL | Цвят: черен"
2033;9270;;0;"Цвят: черен | Размер: 3XL"
2034;9271;;0;"Цвят: черен | Размер: М"
2034;9272;;0;"Размер: L | Цвят: черен"
2034;9273;;0;"Размер: XL | Цвят: черен"
2034;9274;;0;"Размер: 2XL | Цвят: черен"
2034;9275;;0;"Размер: 3XL | Цвят: черен"
2035;9276;;0;"Цвят: черен | Размер: М"
2035;9277;;0;"Цвят: черен | Размер: L"
2035;9278;;0;"Цвят: черен | Размер: XL"
2035;9279;;0;"Размер: 2XL | Цвят: черен"
2035;9280;;0;"Цвят: черен | Размер: 3XL"
2036;9281;;0;"Размер: М | Цвят: черен"
2036;9282;;0;"Размер: L | Цвят: черен"
2036;9283;;0;"Размер: XL | Цвят: черен"
2036;9284;;0;"Цвят: черен | Размер: 2XL"
2036;9285;;0;"Цвят: черен | Размер: 3XL"
2037;9286;;0;"Размер: М | Цвят: тъмнозелен"
2037;9287;;0;"Цвят: тъмнозелен | Размер: L"
2037;9288;;0;"Цвят: тъмнозелен | Размер: XL"
2037;9289;;0;"Цвят: тъмнозелен | Размер: 2XL"
2037;9290;;0;"Цвят: тъмнозелен | Размер: 3XL"
2038;9291;;0;"Цвят: червен | Размер: М"
2038;9292;;0;"Размер: L | Цвят: червен"
2038;9293;;0;"Цвят: червен | Размер: XL"
2038;9294;;0;"Цвят: червен | Размер: 2XL"
2038;9295;;0;"Размер: 3XL | Цвят: червен"
2039;9296;;0;"Размер: М | Цвят: черен"
2039;9297;;0;"Размер: L | Цвят: черен"
2039;9298;;0;"Цвят: черен | Размер: XL"
2039;9299;;0;"Цвят: черен | Размер: 2XL"
2039;9300;;0;"Размер: 3XL | Цвят: черен"
2040;9301;;0;"Размер: М | Цвят: черен"
2040;9302;;0;"Цвят: черен | Размер: L"
2040;9303;;0;"Размер: XL | Цвят: черен"
2040;9304;;0;"Цвят: черен | Размер: 2XL"
2040;9305;;0;"Размер: 3XL | Цвят: черен"
2042;9312;;1;"Размер: М | Цвят: тъмнозелен"
2042;9313;;1;"Размер: L | Цвят: тъмнозелен"
2042;9314;;1;"Размер: XL | Цвят: тъмнозелен"
2042;9315;;1;"Размер: 2XL | Цвят: тъмнозелен"
2042;9316;;0;"Цвят: тъмнозелен | Размер: 3XL"
2043;9370;;1;"Размер: S"
2043;9371;;0;"Размер: М"
2043;9372;;0;"Размер: L"
2043;9373;;0;"Размер: XL"
2043;9374;;0;"Размер: 2XL"
2044;9317;;1;"Размер: XL | Цвят: тъмносин"
2044;9318;;1;"Цвят: тъмносин | Размер: 2XL"
2044;9319;;1;"Цвят: тъмносин | Размер: 3XL"
2044;9320;;1;"Цвят: тъмносин | Размер: 4XL"
2045;9411;;0;"Размер: М | Цвят: зелен"
2045;9412;;0;"Цвят: зелен | Размер: L"
2045;9413;;0;"Цвят: зелен | Размер: XL"
2045;9414;;0;"Размер: 2XL | Цвят: зелен"
2045;9415;;0;"Размер: 3XL | Цвят: зелен"
2046;9384;;0;"Цвят: тъмнозелен | Размер: М"
2046;9385;;0;"Размер: L | Цвят: тъмнозелен"
2046;9386;;0;"Размер: XL | Цвят: тъмнозелен"
2046;9387;;0;"Цвят: тъмнозелен | Размер: 2XL"
2046;9388;;0;"Размер: 3XL | Цвят: тъмнозелен"
2047;9379;;0;"Цвят: черен | Размер: М"
2047;9380;;0;"Цвят: черен | Размер: L"
2047;9381;;0;"Размер: XL | Цвят: черен"
2047;9382;;0;"Цвят: черен | Размер: 2XL"
2047;9383;;0;"Размер: 3XL | Цвят: черен"
2048;9389;;0;"Размер: М | Цвят: червен"
2048;9390;;0;"Размер: L | Цвят: червен"
2048;9391;;0;"Размер: XL | Цвят: червен"
2048;9392;;0;"Размер: 2XL | Цвят: червен"
2048;9393;;0;"Размер: 3XL | Цвят: червен"
2049;9325;;1;"Цвят: графит | Размер: XL"
2049;9326;;1;"Цвят: графит | Размер: 2XL"
2049;9327;;1;"Цвят: графит | Размер: 3XL"
2049;9328;;1;"Размер: 4XL | Цвят: графит"
2050;9347;;0;"Размер: М | Цвят: черен"
2050;9348;;0;"Размер: L | Цвят: черен"
2050;9349;;0;"Размер: XL | Цвят: черен"
2050;9350;;0;"Размер: 2XL | Цвят: черен"
2050;9351;;0;"Цвят: черен | Размер: 3XL"
2051;9329;;0;"Размер: S"
2051;9330;;0;"Размер: М"
2051;9331;;0;"Размер: L"
2051;9332;;0;"Размер: XL"
2051;9333;;0;"Размер: 2XL"
2052;9394;;1;"Цвят: червен | Размер: М"
2052;9395;;1;"Цвят: червен | Размер: L"
2052;9396;;1;"Цвят: червен | Размер: XL"
2052;9397;;1;"Цвят: червен | Размер: 2XL"
2053;9398;;1;"Цвят: светлобежов | Размер: S"
2053;9399;;1;"Цвят: светлобежов | Размер: М"
2053;9400;;1;"Цвят: светлобежов | Размер: L"
2053;9401;;2;"Цвят: светлобежов | Размер: XL"
2054;9403;;1;"Размер: S | Цвят: тъмнозелен"
2054;9404;;1;"Размер: М | Цвят: тъмнозелен"
2054;9405;;1;"Цвят: тъмнозелен | Размер: L"
2054;9406;;2;"Цвят: тъмнозелен | Размер: XL"
2056;9334;;1;"Размер: S | Цвят: каки"
2056;9335;;1;"Цвят: каки | Размер: М"
2056;9336;;1;"Цвят: каки | Размер: L"
2056;9337;;1;"Цвят: каки | Размер: XL"
2057;9338;;1;"Размер: S | Цвят:  сив "
2057;9339;;1;"Размер: М | Цвят:  сив "
2057;9340;;1;"Цвят:  сив  | Размер: L"
2057;9341;;1;"Цвят:  сив  | Размер: XL"
2058;9375;;0;"Цвят: тъмносин | Размер: XL"
2058;9376;;1;"Размер: 2XL | Цвят: тъмносин"
2058;9377;;1;"Цвят: тъмносин | Размер: 3XL"
2058;9378;;0;"Размер: 4XL | Цвят: тъмносин"
2058;9503;;0;"Размер: 5XL | Цвят: тъмносин"
2059;9342;;1;"Цвят:  сив  | Размер: S"
2059;9343;;1;"Цвят:  сив  | Размер: М"
2059;9344;;1;"Размер: L | Цвят:  сив "
2059;9345;;1;"Размер: XL | Цвят:  сив "
2060;9352;;0;"Цвят: светлобежов | Размер: S"
2060;9353;;0;"Размер: М | Цвят: светлобежов"
2060;9354;;0;"Размер: L | Цвят: светлобежов"
2060;9355;;0;"Размер: XL | Цвят: светлобежов"
2060;9356;;0;"Размер: 2XL | Цвят: светлобежов"
2061;9357;;0;"Цвят:  сив  | Размер: S"
2061;9358;;0;"Размер: М | Цвят:  сив "
2061;9359;;0;"Цвят:  сив  | Размер: L"
2061;9360;;0;"Цвят:  сив  | Размер: XL"
2061;9361;;0;"Цвят:  сив  | Размер: 2XL"
2062;9362;;0;"Цвят: бял | Размер: М"
2062;9363;;0;"Цвят: бял | Размер: L"
2062;9364;;0;"Размер: XL | Цвят: бял"
2062;9365;;0;"Размер: 2XL | Цвят: бял"
2063;9366;;0;"Цвят: черен | Размер: М"
2063;9367;;0;"Цвят: черен | Размер: L"
2063;9368;;0;"Цвят: черен | Размер: XL"
2063;9369;;0;"Размер: 2XL | Цвят: черен"
2064;9416;;0;"Размер: S | Цвят: син"
2064;9417;;0;"Цвят: син | Размер: М"
2064;9418;;0;"Цвят: син | Размер: L"
2064;9419;;0;"Размер: XL | Цвят: син"
2064;9420;;0;"Размер: 2XL | Цвят: син"
2065;9421;;0;"Цвят: черен | Размер: S"
2065;9422;;0;"Цвят: черен | Размер: М"
2065;9423;;0;"Размер: L | Цвят: черен"
2065;9424;;0;"Размер: XL | Цвят: черен"
2065;9425;;0;"Размер: 2XL | Цвят: черен"
2066;9426;;0;"Цвят:  сив  | Размер: S"
2066;9427;;0;"Размер: М | Цвят:  сив "
2066;9428;;0;"Размер: L | Цвят:  сив "
2066;9429;;0;"Размер: XL | Цвят:  сив "
2066;9430;;1;"Размер: 2XL | Цвят:  сив "
2068;9436;;0;"Цвят: син | Размер: S"
2068;9437;;0;"Размер: М | Цвят: син"
2068;9438;;0;"Размер: L | Цвят: син"
2068;9439;;0;"Размер: XL | Цвят: син"
2068;9440;;0;"Цвят: син | Размер: 2XL"
2069;9441;;0;"Цвят: черен | Размер: S"
2069;9442;;0;"Цвят: черен | Размер: М"
2069;9443;;0;"Цвят: черен | Размер: L"
2069;9444;;0;"Цвят: черен | Размер: XL"
2069;9445;;0;"Цвят: черен | Размер: 2XL"
2070;9446;;0;"Размер: S | Цвят: бял"
2070;9447;;0;"Цвят: бял | Размер: М"
2070;9448;;0;"Цвят: бял | Размер: L"
2070;9449;;1;"Цвят: бял | Размер: XL"
2070;9450;;1;"Цвят: бял | Размер: 2XL"
2071;9451;;1;"Цвят:  сив  | Размер: S"
2071;9452;;1;"Цвят:  сив  | Размер: М"
2071;9453;;0;"Цвят:  сив  | Размер: L"
2071;9454;;0;"Цвят:  сив  | Размер: XL"
2071;9455;;1;"Размер: 2XL | Цвят:  сив "
2073;9456;;0;"Цвят: син | Размер: S"
2073;9457;;0;"Цвят: син | Размер: М"
2073;9458;;0;"Цвят: син | Размер: L"
2073;9459;;1;"Цвят: син | Размер: XL"
2073;9460;;1;"Размер: 2XL | Цвят: син"
2074;9461;;1;"Размер: S | Цвят: черен"
2074;9462;;0;"Цвят: черен | Размер: М"
2074;9463;;0;"Цвят: черен | Размер: L"
2074;9464;;0;"Размер: XL | Цвят: черен"
2074;9465;;0;"Цвят: черен | Размер: 2XL"
2075;9481;;0;"Цвят: петролено синьо | Размер: S"
2075;9482;;1;"Размер: М | Цвят: петролено синьо"
2075;9483;;0;"Размер: L | Цвят: петролено синьо"
2075;9484;;0;"Размер: XL | Цвят: петролено синьо"
2075;9485;;0;"Размер: 2XL | Цвят: петролено синьо"
2076;9476;;0;"Цвят: бял | Размер: S"
2076;9477;;0;"Размер: М | Цвят: бял"
2076;9478;;0;"Размер: L | Цвят: бял"
2076;9479;;0;"Размер: XL | Цвят: бял"
2076;9480;;0;"Цвят: бял | Размер: 2XL"
2077;9471;;1;"Цвят: черен | Размер: S"
2077;9472;;0;"Размер: М | Цвят: черен"
2077;9473;;1;"Размер: L | Цвят: черен"
2077;9474;;0;"Размер: XL | Цвят: черен"
2077;9475;;1;"Размер: 2XL | Цвят: черен"
2078;9466;;0;"Цвят: бял | Размер: S"
2078;9467;;0;"Цвят: бял | Размер: М"
2078;9468;;0;"Размер: L | Цвят: бял"
2078;9469;;0;"Размер: XL | Цвят: бял"
2078;9470;;0;"Цвят: бял | Размер: 2XL"
2079;9504;;0;"Размер: М | Цвят: черен"
2079;9505;;1;"Размер: L | Цвят: черен"
2079;9506;;0;"Цвят: черен | Размер: XL"
2080;9507;;1;"Размер: М"
2080;9508;;1;"Размер: L"
2080;9509;;1;"Размер: XL"
2080;9510;;0;"Размер: 2XL"
2081;9511;;0;"Размер: М | Цвят:  сив "
2081;9512;;1;"Размер: L | Цвят:  сив "
2081;9513;;1;"Размер: XL | Цвят:  сив "
2081;9514;;0;"Цвят:  сив  | Размер: 2XL"
2082;9528;;0;"Цвят: черен | Размер: М"
2082;9529;;0;"Цвят: черен | Размер: L"
2082;9530;;0;"Цвят: черен | Размер: XL"
2082;9531;;0;"Размер: 2XL | Цвят: черен"
2083;9541;;1;"Цвят: каки | Размер: S"
2083;9542;;0;"Цвят: каки | Размер: М"
2083;9543;;1;"Цвят: каки | Размер: L"
2083;9544;;1;"Цвят: каки | Размер: XL"
2084;9515;;0;"Цвят: тъмносин | Размер: S"
2084;9516;;0;"Размер: М | Цвят: тъмносин"
2084;9517;;0;"Размер: L | Цвят: тъмносин"
2084;9518;;1;"Размер: XL | Цвят: тъмносин"
2085;9519;;0;"Размер: S"
2085;9520;;0;"Размер: М"
2085;9521;;0;"Размер: L"
2085;9522;;1;"Размер: XL"
2086;9523;;0;"Цвят: черен | Размер: М"
2086;9524;;0;"Цвят: черен | Размер: L"
2086;9525;;0;"Размер: XL | Цвят: черен"
2086;9526;;0;"Размер: 2XL | Цвят: черен"
2086;9527;;1;"Цвят: черен | Размер: 3XL"
2087;9532;;0;"Цвят: светлобежов | Размер: М"
2087;9533;;0;"Размер: L | Цвят: светлобежов"
2087;9534;;0;"Цвят: светлобежов | Размер: XL"
2087;9535;;1;"Цвят: светлобежов | Размер: 2XL"
2087;9536;;1;"Цвят: светлобежов | Размер: 3XL"
2088;9549;;0;"Размер: S | Цвят: черен"
2088;9550;;0;"Размер: М | Цвят: черен"
2088;9551;;0;"Размер: L | Цвят: черен"
2088;9552;;0;"Цвят: черен | Размер: XL"
2088;9553;;0;"Цвят: черен | Размер: 2XL"
2089;9554;;0;"Цвят: черен | Размер: 3XL"
2089;9555;;0;"Размер: 4XL | Цвят: черен"
2089;9556;;0;"Размер: 5XL | Цвят: черен"
2089;9557;;0;"Цвят: черен | Размер: 6XL"
2090;9558;;0;"Цвят: черен | Размер: 3XL"
2090;9559;;0;"Размер: 4XL | Цвят: черен"
2090;9560;;0;"Цвят: черен | Размер: 5XL"
2090;9561;;0;"Размер: 6XL | Цвят: черен"
2091;9562;;0;"Размер: S | Цвят: бял"
2091;9563;;0;"Размер: М | Цвят: бял"
2091;9564;;0;"Цвят: бял | Размер: L"
2091;9565;;0;"Цвят: бял | Размер: XL"
2091;9566;;0;"Цвят: бял | Размер: 2XL"
2092;9567;;0;"Цвят: черен | Размер: S"
2092;9568;;0;"Цвят: черен | Размер: М"
2092;9569;;0;"Цвят: черен | Размер: L"
2092;9570;;0;"Размер: XL | Цвят: черен"
2092;9571;;1;"Цвят: черен | Размер: 2XL"
2093;9572;;0;"Цвят: бял | Размер: S"
2093;9573;;0;"Цвят: бял | Размер: М"
2093;9574;;0;"Цвят: бял | Размер: L"
2093;9575;;0;"Размер: XL | Цвят: бял"
2093;9576;;1;"Размер: 2XL | Цвят: бял"
2094;9577;;0;"Размер: S | Цвят: черен"
2094;9578;;0;"Цвят: черен | Размер: М"
2094;9579;;0;"Цвят: черен | Размер: L"
2094;9580;;0;"Цвят: черен | Размер: XL"
2094;9581;;0;"Размер: 2XL | Цвят: черен"
2095;9582;;0;"Цвят: бял | Размер: S"
2095;9583;;0;"Цвят: бял | Размер: М"
2095;9584;;0;"Размер: L | Цвят: бял"
2095;9585;;2;"Цвят: бял | Размер: XL"
2095;9586;;2;"Размер: 2XL | Цвят: бял"
2096;9587;;0;"Цвят: черен | Размер: S"
2096;9588;;0;"Размер: М | Цвят: черен"
2096;9589;;0;"Размер: L | Цвят: черен"
2096;9590;;0;"Размер: XL | Цвят: черен"
2096;9591;;0;"Цвят: черен | Размер: 2XL"
2097;9592;;0;"Размер: S | Цвят: бял"
2097;9593;;0;"Размер: М | Цвят: бял"
2097;9594;;0;"Размер: L | Цвят: бял"
2097;9595;;0;"Цвят: бял | Размер: XL"
2097;9596;;0;"Цвят: бял | Размер: 2XL"
2098;9597;;0;"Размер: S | Цвят: черен"
2098;9598;;0;"Цвят: черен | Размер: М"
2098;9599;;0;"Размер: L | Цвят: черен"
2098;9600;;0;"Размер: XL | Цвят: черен"
2098;9601;;0;"Размер: 2XL | Цвят: черен"
2099;9602;;0;"Размер: S | Цвят: бял"
2099;9603;;0;"Цвят: бял | Размер: М"
2099;9604;;0;"Размер: L | Цвят: бял"
2099;9605;;0;"Размер: XL | Цвят: бял"
2099;9606;;2;"Размер: 2XL | Цвят: бял"
2100;9607;;0;"Размер: S | Цвят: черен"
2100;9608;;0;"Размер: М | Цвят: черен"
2100;9609;;0;"Цвят: черен | Размер: L"
2100;9610;;0;"Цвят: черен | Размер: XL"
2100;9611;;0;"Цвят: черен | Размер: 2XL"
2101;9612;;0;"Размер: S | Цвят: бял"
2101;9613;;0;"Цвят: бял | Размер: М"
2101;9614;;0;"Цвят: бял | Размер: L"
2101;9615;;0;"Цвят: бял | Размер: XL"
2101;9616;;1;"Размер: 2XL | Цвят: бял"
2102;9617;;0;"Цвят: черен | Размер: S"
2102;9618;;0;"Цвят: черен | Размер: М"
2102;9619;;0;"Цвят: черен | Размер: L"
2102;9620;;0;"Размер: XL | Цвят: черен"
2102;9621;;0;"Размер: 2XL | Цвят: черен"
2103;9622;;0;"Цвят: бял | Размер: S"
2103;9623;;0;"Цвят: бял | Размер: М"
2103;9624;;0;"Размер: L | Цвят: бял"
2103;9625;;0;"Размер: XL | Цвят: бял"
2103;9626;;1;"Цвят: бял | Размер: 2XL"
2104;9627;;0;"Цвят: черен | Размер: S"
2104;9628;;0;"Размер: М | Цвят: черен"
2104;9629;;0;"Размер: L | Цвят: черен"
2104;9630;;0;"Цвят: черен | Размер: XL"
2104;9631;;0;"Размер: 2XL | Цвят: черен"
2105;9632;;0;"Размер: S | Цвят: бял"
2105;9633;;0;"Размер: М | Цвят: бял"
2105;9634;;0;"Размер: L | Цвят: бял"
2105;9635;;0;"Цвят: бял | Размер: XL"
2105;9636;;0;"Размер: 2XL | Цвят: бял"
2106;9637;;0;"Размер: S | Цвят: черен"
2106;9638;;0;"Размер: М | Цвят: черен"
2106;9639;;0;"Размер: L | Цвят: черен"
2106;9640;;0;"Размер: XL | Цвят: черен"
2106;9641;;0;"Цвят: черен | Размер: 2XL"
2107;9642;;0;"Размер: S | Цвят: бял"
2107;9643;;0;"Размер: М | Цвят: бял"
2107;9644;;0;"Цвят: бял | Размер: L"
2107;9645;;0;"Размер: XL | Цвят: бял"
2107;9646;;0;"Цвят: бял | Размер: 2XL"
2108;9647;;0;"Цвят: черен | Размер: S"
2108;9648;;0;"Цвят: черен | Размер: М"
2108;9649;;0;"Цвят: черен | Размер: L"
2108;9650;;0;"Размер: XL | Цвят: черен"
2108;9651;;0;"Цвят: черен | Размер: 2XL"
2109;9652;;0;"Цвят: бял | Размер: S"
2109;9653;;0;"Цвят: бял | Размер: М"
2109;9654;;0;"Цвят: бял | Размер: L"
2109;9655;;0;"Размер: XL | Цвят: бял"
2109;9656;;1;"Размер: 2XL | Цвят: бял"
2110;9657;;0;"Размер: S | Цвят: черен"
2110;9658;;0;"Цвят: черен | Размер: М"
2110;9659;;0;"Цвят: черен | Размер: L"
2110;9660;;1;"Цвят: черен | Размер: XL"
2110;9661;;1;"Размер: 2XL | Цвят: черен"
2111;9662;;0;"Цвят: бял | Размер: S"
2111;9663;;0;"Цвят: бял | Размер: М"
2111;9664;;0;"Размер: L | Цвят: бял"
2111;9665;;1;"Цвят: бял | Размер: XL"
2111;9666;;0;"Размер: 2XL | Цвят: бял"
2112;9667;;0;"Цвят: черен | Размер: S"
2112;9668;;0;"Размер: М | Цвят: черен"
2112;9669;;0;"Размер: L | Цвят: черен"
2112;9670;;0;"Размер: XL | Цвят: черен"
2112;9671;;0;"Цвят: черен | Размер: 2XL"
2113;9672;;0;"Размер: S | Цвят: бял"
2113;9673;;0;"Размер: М | Цвят: бял"
2113;9674;;0;"Размер: L | Цвят: бял"
2113;9675;;0;"Цвят: бял | Размер: XL"
2113;9676;;1;"Цвят: бял | Размер: 2XL"
2114;9677;;1;"Цвят: черен | Размер: S"
2114;9678;;0;"Размер: М | Цвят: черен"
2114;9679;;0;"Размер: L | Цвят: черен"
2114;9680;;0;"Размер: XL | Цвят: черен"
2114;9681;;0;"Размер: 2XL | Цвят: черен"
2115;9682;;0;"Цвят: бял | Размер: S"
2115;9683;;0;"Размер: М | Цвят: бял"
2115;9684;;0;"Размер: L | Цвят: бял"
2115;9685;;0;"Размер: XL | Цвят: бял"
2115;9686;;0;"Размер: 2XL | Цвят: бял"
2116;9687;;0;"Размер: S | Цвят: черен"
2116;9688;;0;"Размер: М | Цвят: черен"
2116;9689;;0;"Цвят: черен | Размер: L"
2116;9690;;0;"Цвят: черен | Размер: XL"
2116;9691;;0;"Цвят: черен | Размер: 2XL"
2117;9692;;0;"Размер: S | Цвят: бял"
2117;9693;;0;"Цвят: бял | Размер: М"
2117;9694;;0;"Цвят: бял | Размер: L"
2117;9695;;0;"Цвят: бял | Размер: XL"
2117;9696;;0;"Размер: 2XL | Цвят: бял"
2118;9697;;0;"Цвят: черен | Размер: S"
2118;9698;;0;"Цвят: черен | Размер: М"
2118;9699;;0;"Цвят: черен | Размер: L"
2118;9700;;0;"Размер: XL | Цвят: черен"
2118;9701;;0;"Размер: 2XL | Цвят: черен"
2119;9702;;0;"Цвят: бял | Размер: S"
2119;9703;;0;"Цвят: бял | Размер: М"
2119;9704;;0;"Размер: L | Цвят: бял"
2119;9705;;0;"Размер: XL | Цвят: бял"
2119;9706;;0;"Цвят: бял | Размер: 2XL"
2120;9707;;0;"Цвят: черен | Размер: S"
2120;9708;;0;"Размер: М | Цвят: черен"
2120;9709;;0;"Размер: L | Цвят: черен"
2120;9710;;0;"Цвят: черен | Размер: XL"
2120;9711;;0;"Размер: 2XL | Цвят: черен"
2121;9712;;0;"Размер: S | Цвят: бял"
2121;9713;;0;"Размер: М | Цвят: бял"
2121;9714;;0;"Размер: L | Цвят: бял"
2121;9715;;0;"Цвят: бял | Размер: XL"
2121;9716;;0;"Размер: 2XL | Цвят: бял"
2122;9717;;0;"Размер: S | Цвят: черен"
2122;9718;;0;"Размер: М | Цвят: черен"
2122;9719;;0;"Размер: L | Цвят: черен"
2122;9720;;0;"Цвят: черен | Размер: XL"
2122;9721;;0;"Цвят: черен | Размер: 2XL"
2123;9722;;0;"Размер: S | Цвят: бял"
2123;9723;;0;"Размер: М | Цвят: бял"
2123;9724;;0;"Цвят: бял | Размер: L"
2123;9725;;0;"Цвят: бял | Размер: XL"
2123;9726;;0;"Цвят: бял | Размер: 2XL"
2124;9727;;0;"Цвят: черен | Размер: S"
2124;9728;;0;"Цвят: черен | Размер: М"
2124;9729;;0;"Цвят: черен | Размер: L"
2124;9730;;0;"Размер: XL | Цвят: черен"
2124;9731;;0;"Цвят: черен | Размер: 2XL"
2125;9732;;0;"Цвят: бял | Размер: S"
2125;9733;;0;"Цвят: бял | Размер: М"
2125;9734;;0;"Цвят: бял | Размер: L"
2125;9735;;0;"Размер: XL | Цвят: бял"
2125;9736;;0;"Размер: 2XL | Цвят: бял"
2126;9737;;0;"Размер: S | Цвят: черен"
2126;9738;;0;"Цвят: черен | Размер: М"
2126;9739;;0;"Цвят: черен | Размер: L"
2126;9740;;0;"Цвят: черен | Размер: XL"
2126;9741;;0;"Размер: 2XL | Цвят: черен"
2127;9742;;0;"Цвят: бял | Размер: S"
2127;9743;;0;"Цвят: бял | Размер: М"
2127;9744;;0;"Размер: L | Цвят: бял"
2127;9745;;0;"Цвят: бял | Размер: XL"
2127;9746;;1;"Размер: 2XL | Цвят: бял"
2128;9747;;0;"Цвят: черен | Размер: S"
2128;9748;;0;"Размер: М | Цвят: черен"
2128;9749;;0;"Размер: L | Цвят: черен"
2128;9750;;0;"Размер: XL | Цвят: черен"
2128;9751;;0;"Цвят: черен | Размер: 2XL"
2129;9752;;0;"Размер: S | Цвят: бял"
2129;9753;;0;"Размер: М | Цвят: бял"
2129;9754;;0;"Размер: L | Цвят: бял"
2129;9755;;0;"Цвят: бял | Размер: XL"
2129;9756;;0;"Цвят: бял | Размер: 2XL"
2130;9757;;0;"Размер: S | Цвят: черен"
2130;9758;;0;"Цвят: черен | Размер: М"
2130;9759;;0;"Цвят: черен | Размер: L"
2130;9760;;0;"Размер: XL | Цвят: черен"
2130;9761;;0;"Цвят: черен | Размер: 2XL"
2131;9762;;0;"Размер: S | Цвят: бял"
2131;9763;;0;"Цвят: бял | Размер: М"
2131;9764;;0;"Цвят: бял | Размер: L"
2131;9765;;0;"Размер: XL | Цвят: бял"
2131;9766;;1;"Цвят: бял | Размер: 2XL"
2132;9767;;0;"Размер: S | Цвят: черен"
2132;9768;;0;"Размер: М | Цвят: черен"
2132;9769;;0;"Цвят: черен | Размер: L"
2132;9770;;0;"Цвят: черен | Размер: XL"
2132;9771;;0;"Цвят: черен | Размер: 2XL"
2133;9772;;0;"Размер: S | Цвят: бял"
2133;9773;;0;"Цвят: бял | Размер: М"
2133;9774;;0;"Цвят: бял | Размер: L"
2133;9775;;0;"Цвят: бял | Размер: XL"
2133;9776;;1;"Размер: 2XL | Цвят: бял"
2134;9777;;0;"Цвят: черен | Размер: S"
2134;9778;;0;"Цвят: черен | Размер: М"
2134;9779;;0;"Цвят: черен | Размер: L"
2134;9780;;0;"Размер: XL | Цвят: черен"
2134;9781;;0;"Размер: 2XL | Цвят: черен"
2135;9782;;0;"Цвят: бял | Размер: S"
2135;9783;;1;"Цвят: бял | Размер: М"
2135;9784;;0;"Размер: L | Цвят: бял"
2135;9785;;1;"Размер: XL | Цвят: бял"
2135;9786;;0;"Цвят: бял | Размер: 2XL"
2136;9787;;0;"Цвят: черен | Размер: S"
2136;9788;;0;"Размер: М | Цвят: черен"
2136;9789;;0;"Размер: L | Цвят: черен"
2136;9790;;0;"Цвят: черен | Размер: XL"
2136;9791;;0;"Размер: 2XL | Цвят: черен"
2137;9792;;0;"Размер: S | Цвят: бял"
2137;9793;;0;"Размер: М | Цвят: бял"
2137;9794;;0;"Размер: L | Цвят: бял"
2137;9795;;0;"Цвят: бял | Размер: XL"
2137;9796;;0;"Размер: 2XL | Цвят: бял"
2138;9797;;0;"Размер: S | Цвят: черен"
2138;9798;;0;"Размер: М | Цвят: черен"
2138;9799;;0;"Размер: L | Цвят: черен"
2138;9800;;0;"Размер: XL | Цвят: черен"
2138;9801;;0;"Цвят: черен | Размер: 2XL"
2139;9802;;0;"Размер: S | Цвят: бял"
2139;9803;;0;"Размер: М | Цвят: бял"
2139;9804;;0;"Цвят: бял | Размер: L"
2139;9805;;0;"Размер: XL | Цвят: бял"
2139;9806;;0;"Цвят: бял | Размер: 2XL"
2140;9807;;0;"Цвят: черен | Размер: S"
2140;9808;;0;"Цвят: черен | Размер: М"
2140;9809;;0;"Цвят: черен | Размер: L"
2140;9810;;0;"Размер: XL | Цвят: черен"
2140;9811;;0;"Цвят: черен | Размер: 2XL"
2141;9937;;0;"Размер: S | Цвят: бял"
2141;9938;;0;"Размер: М | Цвят: бял"
2141;9939;;0;"Цвят: бял | Размер: L"
2141;9940;;0;"Цвят: бял | Размер: XL"
2141;9941;;1;"Размер: 2XL | Цвят: бял"
2142;9812;;0;"Размер: S | Цвят: черен"
2142;9813;;0;"Цвят: черен | Размер: М"
2142;9814;;0;"Цвят: черен | Размер: L"
2142;9815;;0;"Цвят: черен | Размер: XL"
2142;9816;;0;"Размер: 2XL | Цвят: черен"
2143;9817;;0;"Цвят: бял | Размер: S"
2143;9818;;0;"Цвят: бял | Размер: М"
2143;9819;;0;"Цвят: бял | Размер: L"
2143;9820;;0;"Размер: XL | Цвят: бял"
2143;9821;;0;"Размер: 2XL | Цвят: бял"
2144;9822;;0;"Цвят: черен | Размер: S"
2144;9823;;0;"Цвят: черен | Размер: М"
2144;9824;;0;"Размер: L | Цвят: черен"
2144;9825;;0;"Размер: XL | Цвят: черен"
2144;9826;;0;"Цвят: черен | Размер: 2XL"
2145;9827;;0;"Цвят: бял | Размер: S"
2145;9828;;0;"Размер: М | Цвят: бял"
2145;9829;;0;"Размер: L | Цвят: бял"
2145;9830;;0;"Цвят: бял | Размер: XL"
2145;9831;;0;"Размер: 2XL | Цвят: бял"
2146;9832;;0;"Размер: S | Цвят: черен"
2146;9833;;0;"Размер: М | Цвят: черен"
2146;9834;;0;"Размер: L | Цвят: черен"
2146;9835;;0;"Цвят: черен | Размер: XL"
2146;9836;;0;"Размер: 2XL | Цвят: черен"
2147;9837;;0;"Размер: S | Цвят: бял"
2147;9838;;0;"Размер: М | Цвят: бял"
2147;9839;;0;"Размер: L | Цвят: бял"
2147;9840;;0;"Цвят: бял | Размер: XL"
2147;9841;;0;"Цвят: бял | Размер: 2XL"
2148;9842;;0;"Размер: S | Цвят: черен"
2148;9843;;0;"Размер: М | Цвят: черен"
2148;9844;;0;"Цвят: черен | Размер: L"
2148;9845;;0;"Цвят: черен | Размер: XL"
2148;9846;;0;"Цвят: черен | Размер: 2XL"
2149;9847;;0;"Цвят: бял | Размер: S"
2149;9848;;0;"Цвят: бял | Размер: М"
2149;9849;;0;"Цвят: бял | Размер: L"
2149;9850;;0;"Размер: XL | Цвят: бял"
2149;9851;;0;"Цвят: бял | Размер: 2XL"
2150;9852;;0;"Цвят: черен | Размер: S"
2150;9853;;0;"Цвят: черен | Размер: М"
2150;9854;;0;"Цвят: черен | Размер: L"
2150;9855;;0;"Размер: XL | Цвят: черен"
2150;9856;;0;"Размер: 2XL | Цвят: черен"
2151;9857;;0;"Размер: S | Цвят: бял"
2151;9858;;0;"Цвят: бял | Размер: М"
2151;9859;;0;"Цвят: бял | Размер: L"
2151;9860;;1;"Цвят: бял | Размер: XL"
2151;9861;;1;"Размер: 2XL | Цвят: бял"
2152;9862;;0;"Цвят: черен | Размер: S"
2152;9863;;0;"Цвят: черен | Размер: М"
2152;9864;;0;"Размер: L | Цвят: черен"
2152;9865;;0;"Цвят: черен | Размер: XL"
2152;9866;;0;"Размер: 2XL | Цвят: черен"
2153;9867;;0;"Цвят: бял | Размер: S"
2153;9868;;0;"Размер: М | Цвят: бял"
2153;9869;;0;"Размер: L | Цвят: бял"
2153;9870;;0;"Размер: XL | Цвят: бял"
2153;9871;;0;"Цвят: бял | Размер: 2XL"
2154;9872;;0;"Размер: S | Цвят: черен"
2154;9873;;0;"Размер: М | Цвят: черен"
2154;9874;;0;"Размер: L | Цвят: черен"
2154;9875;;0;"Цвят: черен | Размер: XL"
2154;9876;;0;"Цвят: черен | Размер: 2XL"
2155;9877;;0;"Цвят: бял | Размер: S"
2155;9878;;0;"Размер: М | Цвят: бял"
2155;9879;;0;"Размер: L | Цвят: бял"
2155;9880;;0;"Размер: XL | Цвят: бял"
2155;9881;;0;"Размер: 2XL | Цвят: бял"
2156;9882;;0;"Размер: S | Цвят: черен"
2156;9883;;0;"Размер: М | Цвят: черен"
2156;9884;;0;"Размер: L | Цвят: черен"
2156;9885;;0;"Размер: XL | Цвят: черен"
2156;9886;;0;"Размер: 2XL | Цвят: черен"
2157;9887;;0;"Размер: S | Цвят: бял"
2157;9888;;0;"Размер: М | Цвят: бял"
2157;9889;;0;"Цвят: бял | Размер: L"
2157;9890;;0;"Цвят: бял | Размер: XL"
2157;9891;;0;"Цвят: бял | Размер: 2XL"
2158;9892;;0;"Размер: S | Цвят: черен"
2158;9893;;0;"Цвят: черен | Размер: М"
2158;9894;;0;"Цвят: черен | Размер: L"
2158;9895;;0;"Цвят: черен | Размер: XL"
2158;9896;;0;"Размер: 2XL | Цвят: черен"
2159;9897;;0;"Цвят: бял | Размер: S"
2159;9898;;0;"Цвят: бял | Размер: М"
2159;9899;;0;"Цвят: бял | Размер: L"
2159;9900;;0;"Размер: XL | Цвят: бял"
2159;9901;;0;"Размер: 2XL | Цвят: бял"
2160;9902;;0;"Цвят: черен | Размер: S"
2160;9903;;0;"Цвят: черен | Размер: М"
2160;9904;;0;"Размер: L | Цвят: черен"
2160;9905;;0;"Размер: XL | Цвят: черен"
2160;9906;;1;"Цвят: черен | Размер: 2XL"
2161;9907;;0;"Цвят: бял | Размер: S"
2161;9908;;0;"Размер: М | Цвят: бял"
2161;9909;;0;"Размер: L | Цвят: бял"
2161;9910;;0;"Цвят: бял | Размер: XL"
2161;9911;;0;"Цвят: бял | Размер: 2XL"
2162;9912;;0;"Размер: S | Цвят: черен"
2162;9913;;0;"Размер: М | Цвят: черен"
2162;9914;;0;"Размер: L | Цвят: черен"
2162;9915;;0;"Цвят: черен | Размер: XL"
2162;9916;;0;"Размер: 2XL | Цвят: черен"
2163;9917;;0;"Размер: S | Цвят: бял"
2163;9918;;0;"Размер: М | Цвят: бял"
2163;9919;;0;"Размер: L | Цвят: бял"
2163;9920;;1;"Размер: XL | Цвят: бял"
2163;9921;;0;"Размер: 2XL | Цвят: бял"
2164;9922;;0;"Размер: S | Цвят: черен"
2164;9923;;0;"Размер: М | Цвят: черен"
2164;9924;;0;"Цвят: черен | Размер: L"
2164;9925;;0;"Размер: XL | Цвят: черен"
2164;9926;;0;"Цвят: черен | Размер: 2XL"
2165;9927;;0;"Цвят: черен | Размер: S"
2165;9928;;0;"Размер: М | Цвят: черен"
2165;9929;;0;"Цвят: черен | Размер: L"
2165;9930;;0;"Размер: XL | Цвят: черен"
2165;9931;;0;"Цвят: черен | Размер: 2XL"
2166;9932;;0;"Цвят: черен | Размер: S"
2166;9933;;0;"Цвят: черен | Размер: М"
2166;9934;;0;"Цвят: черен | Размер: L"
2166;9935;;0;"Размер: XL | Цвят: черен"
2166;9936;;0;"Размер: 2XL | Цвят: черен"
2167;9947;;0;"Цвят: бял | Размер: S"
2167;9948;;0;"Цвят: бял | Размер: М"
2167;9949;;0;"Размер: L | Цвят: бял"
2167;9950;;0;"Размер: XL | Цвят: бял"
2167;9951;;1;"Размер: 2XL | Цвят: бял"
2168;9952;;0;"Цвят: черен | Размер: S"
2168;9953;;0;"Размер: М | Цвят: черен"
2168;9954;;0;"Размер: L | Цвят: черен"
2168;9955;;0;"Цвят: черен | Размер: XL"
2168;9956;;0;"Цвят: черен | Размер: 2XL"
2169;9962;;0;"Цвят: бял | Размер: S"
2169;9963;;0;"Цвят: бял | Размер: М"
2169;9964;;0;"Цвят: бял | Размер: L"
2169;9965;;0;"Цвят: бял | Размер: XL"
2169;9966;;0;"Цвят: бял | Размер: 2XL"
2170;9967;;0;"Размер: S | Цвят: черен"
2170;9968;;0;"Размер: М | Цвят: черен"
2170;9969;;0;"Размер: L | Цвят: черен"
2170;9970;;0;"Размер: XL | Цвят: черен"
2170;9971;;0;"Размер: 2XL | Цвят: черен"
2171;9972;;0;"Размер: S | Цвят: бял"
2171;9973;;0;"Размер: М | Цвят: бял"
2171;9974;;0;"Размер: L | Цвят: бял"
2171;9975;;0;"Цвят: бял | Размер: XL"
2171;9976;;1;"Цвят: бял | Размер: 2XL"
2172;9977;;0;"Размер: S | Цвят: черен"
2172;9978;;0;"Цвят: черен | Размер: М"
2172;9979;;0;"Цвят: черен | Размер: L"
2172;9980;;0;"Размер: XL | Цвят: черен"
2172;9981;;0;"Цвят: черен | Размер: 2XL"
2173;9982;;0;"Цвят: бял | Размер: S"
2173;9983;;0;"Цвят: бял | Размер: М"
2173;9984;;0;"Цвят: бял | Размер: L"
2173;9985;;0;"Размер: XL | Цвят: бял"
2173;9986;;0;"Размер: 2XL | Цвят: бял"
2174;9987;;0;"Цвят: черен | Размер: S"
2174;9988;;0;"Цвят: черен | Размер: М"
2174;9989;;0;"Цвят: черен | Размер: L"
2174;9990;;0;"Размер: XL | Цвят: черен"
2174;9991;;0;"Цвят: черен | Размер: 2XL"
2175;9992;;0;"Размер: S | Цвят: бял"
2175;9993;;0;"Цвят: бял | Размер: М"
2175;9994;;0;"Размер: L | Цвят: бял"
2175;9995;;0;"Цвят: бял | Размер: XL"
2175;9996;;1;"Размер: 2XL | Цвят: бял"
2176;9997;;0;"Цвят: черен | Размер: S"
2176;9998;;0;"Размер: М | Цвят: черен"
2176;9999;;0;"Размер: L | Цвят: черен"
2176;10000;;0;"Цвят: черен | Размер: XL"
2176;10001;;0;"Размер: 2XL | Цвят: черен"
2177;10002;;0;"Размер: S | Цвят: бял"
2177;10003;;0;"Размер: М | Цвят: бял"
2177;10004;;0;"Размер: L | Цвят: бял"
2177;10005;;0;"Размер: XL | Цвят: бял"
2177;10006;;0;"Цвят: бял | Размер: 2XL"
2178;10007;;0;"Размер: S | Цвят: черен"
2178;10008;;0;"Размер: М | Цвят: черен"
2178;10009;;0;"Цвят: черен | Размер: L"
2178;10010;;0;"Размер: XL | Цвят: черен"
2178;10011;;0;"Цвят: черен | Размер: 2XL"
2179;10012;;0;"Цвят: бял | Размер: S"
2179;10013;;0;"Цвят: бял | Размер: М"
2179;10014;;0;"Цвят: бял | Размер: L"
2179;10015;;0;"Размер: XL | Цвят: бял"
2179;10016;;1;"Цвят: бял | Размер: 2XL"
2180;10017;;0;"Размер: S | Цвят: черен"
2180;10018;;0;"Цвят: черен | Размер: М"
2180;10019;;0;"Цвят: черен | Размер: L"
2180;10020;;0;"Размер: XL | Цвят: черен"
2180;10021;;0;"Цвят: черен | Размер: 2XL"
2181;10022;;0;"Размер: S | Цвят: бял"
2181;10023;;0;"Размер: М | Цвят: бял"
2181;10024;;0;"Цвят: бял | Размер: L"
2181;10025;;2;"Цвят: бял | Размер: XL"
2181;10026;;1;"Размер: 2XL | Цвят: бял"
2182;10027;;0;"Цвят: черен | Размер: S"
2182;10028;;0;"Цвят: черен | Размер: М"
2182;10029;;0;"Цвят: черен | Размер: L"
2182;10030;;0;"Цвят: черен | Размер: XL"
2182;10031;;0;"Размер: 2XL | Цвят: черен"
2183;10032;;0;"Цвят: бял | Размер: S"
2183;10033;;0;"Цвят: бял | Размер: М"
2183;10034;;0;"Размер: L | Цвят: бял"
2183;10035;;0;"Размер: XL | Цвят: бял"
2183;10036;;0;"Размер: 2XL | Цвят: бял"
2184;10037;;0;"Цвят: черен | Размер: S"
2184;10038;;0;"Размер: М | Цвят: черен"
2184;10039;;0;"Размер: L | Цвят: черен"
2184;10040;;0;"Цвят: черен | Размер: XL"
2184;10041;;0;"Цвят: черен | Размер: 2XL"
2185;10042;;0;"Размер: S | Цвят: черен"
2185;10043;;0;"Размер: М | Цвят: черен"
2185;10044;;0;"Размер: L | Цвят: черен"
2185;10045;;0;"Цвят: черен | Размер: XL"
2185;10046;;0;"Размер: 2XL | Цвят: черен"
2186;10047;;0;"Размер: S | Цвят: черен"
2186;10048;;0;"Цвят: черен | Размер: М"
2186;10049;;0;"Цвят: черен | Размер: L"
2186;10050;;0;"Размер: XL | Цвят: черен"
2186;10051;;0;"Цвят: черен | Размер: 2XL"
2187;10052;;0;"Размер: S | Цвят: черен"
2187;10053;;0;"Размер: М | Цвят: черен"
2187;10054;;0;"Размер: L | Цвят: черен"
2187;10055;;0;"Размер: XL | Цвят: черен"
2187;10056;;0;"Цвят: черен | Размер: 2XL"
2188;10057;;3;"Цвят: черен | Размер: S"
2188;10058;;0;"Цвят: черен | Размер: М"
2188;10059;;1;"Цвят: черен | Размер: L"
2188;10060;;1;"Размер: XL | Цвят: черен"
2188;10061;;0;"Цвят: черен | Размер: 2XL"
2189;10062;;0;"Размер: S | Цвят: черен"
2189;10063;;0;"Размер: М | Цвят: черен"
2189;10064;;0;"Цвят: черен | Размер: L"
2189;10065;;0;"Цвят: черен | Размер: XL"
2189;10066;;0;"Размер: 2XL | Цвят: черен"
2190;10067;;0;"Цвят: черен | Размер: S"
2190;10068;;0;"Цвят: черен | Размер: М"
2190;10069;;0;"Цвят: черен | Размер: L"
2190;10070;;0;"Размер: XL | Цвят: черен"
2190;10071;;0;"Размер: 2XL | Цвят: черен"
2191;10072;;2;"Цвят: черен | Размер: S"
2191;10073;;0;"Цвят: черен | Размер: М"
2191;10074;;0;"Размер: L | Цвят: черен"
2191;10075;;0;"Цвят: черен | Размер: XL"
2191;10076;;0;"Размер: 2XL | Цвят: черен"
2192;10077;;0;"Цвят: черен | Размер: S"
2192;10078;;0;"Размер: М | Цвят: черен"
2192;10079;;0;"Размер: L | Цвят: черен"
2192;10080;;0;"Цвят: черен | Размер: XL"
2192;10081;;0;"Цвят: черен | Размер: 2XL"
2193;10082;;0;"Размер: S | Цвят: черен"
2193;10083;;0;"Размер: М | Цвят: черен"
2193;10084;;0;"Размер: L | Цвят: черен"
2193;10085;;0;"Цвят: черен | Размер: XL"
2193;10086;;0;"Размер: 2XL | Цвят: черен"
2194;10087;;0;"Цвят: бял | Размер: М"
2194;10088;;0;"Цвят: бял | Размер: L"
2194;10089;;0;"Размер: XL | Цвят: бял"
2194;10090;;0;"Цвят: бял | Размер: 2XL"
2194;10091;;0;"Размер: 3XL | Цвят: бял"
2195;10092;;0;"Размер: М | Цвят: черен"
2195;10093;;0;"Цвят: черен | Размер: L"
2195;10094;;0;"Цвят: черен | Размер: XL"
2195;10095;;0;"Цвят: черен | Размер: 2XL"
2195;10096;;0;"Размер: 3XL | Цвят: черен"
2196;10097;;0;"Размер: М | Цвят: бял"
2196;10098;;0;"Размер: L | Цвят: бял"
2196;10099;;0;"Размер: XL | Цвят: бял"
2196;10100;;0;"Цвят: бял | Размер: 2XL"
2196;10101;;1;"Цвят: бял | Размер: 3XL"
2197;10102;;0;"Цвят: черен | Размер: М"
2197;10103;;0;"Цвят: черен | Размер: L"
2197;10104;;0;"Размер: XL | Цвят: черен"
2197;10105;;0;"Размер: 2XL | Цвят: черен"
2197;10106;;2;"Цвят: черен | Размер: 3XL"
2198;10107;;0;"Цвят: бял | Размер: М"
2198;10108;;0;"Цвят: бял | Размер: L"
2198;10109;;0;"Цвят: бял | Размер: XL"
2198;10110;;0;"Размер: 2XL | Цвят: бял"
2198;10111;;0;"Размер: 3XL | Цвят: бял"
2199;10112;;1;"Цвят: черен | Размер: М"
2199;10113;;0;"Размер: L | Цвят: черен"
2199;10114;;0;"Цвят: черен | Размер: XL"
2199;10115;;0;"Размер: 2XL | Цвят: черен"
2199;10116;;0;"Размер: 3XL | Цвят: черен"
2200;10117;;0;"Размер: М | Цвят: бял"
2200;10118;;0;"Цвят: бял | Размер: L"
2200;10119;;0;"Цвят: бял | Размер: XL"
2200;10120;;0;"Цвят: бял | Размер: 2XL"
2200;10121;;0;"Цвят: бял | Размер: 3XL"
2201;10122;;0;"Размер: М | Цвят: тъмносин"
2201;10123;;0;"Размер: L | Цвят: тъмносин"
2201;10124;;0;"Цвят: тъмносин | Размер: XL"
2201;10125;;0;"Размер: 2XL | Цвят: тъмносин"
2201;10126;;0;"Цвят: тъмносин | Размер: 3XL"
2202;10127;;0;"Размер: М | Цвят: бял"
2202;10128;;0;"Размер: L | Цвят: бял"
2202;10129;;0;"Размер: XL | Цвят: бял"
2202;10130;;0;"Размер: 2XL | Цвят: бял"
2202;10131;;5;"Цвят: бял | Размер: 3XL"
2203;10132;;0;"Размер: М | Цвят: черен"
2203;10133;;0;"Размер: L | Цвят: черен"
2203;10134;;0;"Цвят: черен | Размер: XL"
2203;10135;;1;"Цвят: черен | Размер: 2XL"
2203;10136;;2;"Размер: 3XL | Цвят: черен"
2204;10137;;0;"Цвят: бял | Размер: М"
2204;10138;;1;"Цвят: бял | Размер: L"
2204;10139;;0;"Размер: XL | Цвят: бял"
2204;10140;;0;"Цвят: бял | Размер: 2XL"
2204;10141;;0;"Размер: 3XL | Цвят: бял"
2205;10142;;0;"Цвят: черен | Размер: М"
2205;10143;;0;"Цвят: черен | Размер: L"
2205;10144;;0;"Размер: XL | Цвят: черен"
2205;10145;;1;"Размер: 2XL | Цвят: черен"
2205;10146;;0;"Размер: 3XL | Цвят: черен"
2206;10147;;0;"Размер: М | Цвят: бял"
2206;10148;;0;"Размер: L | Цвят: бял"
2206;10149;;0;"Цвят: бял | Размер: XL"
2206;10150;;0;"Размер: 2XL | Цвят: бял"
2206;10151;;0;"Цвят: бял | Размер: 3XL"
2207;10152;;0;"Цвят: червен | Размер: М"
2207;10153;;0;"Размер: L | Цвят: червен"
2207;10154;;0;"Размер: XL | Цвят: червен"
2207;10155;;0;"Размер: 2XL | Цвят: червен"
2207;10156;;1;"Цвят: червен | Размер: 3XL"
2208;10157;;0;"Размер: М | Цвят: черен"
2208;10158;;0;"Размер: L | Цвят: черен"
2208;10159;;0;"Цвят: черен | Размер: XL"
2208;10160;;0;"Размер: 2XL | Цвят: черен"
2208;10161;;0;"Цвят: черен | Размер: 3XL"
2209;10162;;0;"Размер: М | Цвят: бял"
2209;10163;;0;"Размер: L | Цвят: бял"
2209;10164;;0;"Цвят: бял | Размер: XL"
2209;10165;;0;"Размер: 2XL | Цвят: бял"
2209;10166;;0;"Размер: 3XL | Цвят: бял"
2210;10167;;0;"Размер: М | Цвят: син"
2210;10168;;0;"Размер: L | Цвят: син"
2210;10169;;0;"Размер: XL | Цвят: син"
2210;10170;;0;"Цвят: син | Размер: 2XL"
2210;10171;;0;"Размер: 3XL | Цвят: син"
2211;10172;;0;"Размер: М | Цвят: черен"
2211;10173;;0;"Размер: L | Цвят: черен"
2211;10174;;0;"Размер: XL | Цвят: черен"
2211;10175;;0;"Цвят: черен | Размер: 2XL"
2211;10176;;0;"Размер: 3XL | Цвят: черен"
2212;10177;;0;"Цвят: бял | Размер: М"
2212;10178;;0;"Цвят: бял | Размер: L"
2212;10179;;1;"Размер: XL | Цвят: бял"
2212;10180;;0;"Цвят: бял | Размер: 2XL"
2212;10181;;1;"Размер: 3XL | Цвят: бял"
2213;10182;;0;"Цвят: черен | Размер: М"
2213;10183;;0;"Цвят: черен | Размер: L"
2213;10184;;0;"Размер: XL | Цвят: черен"
2213;10185;;0;"Размер: 2XL | Цвят: черен"
2213;10186;;0;"Размер: 3XL | Цвят: черен"
2214;10187;;0;"Цвят: бял | Размер: М"
2214;10188;;0;"Цвят: бял | Размер: L"
2214;10189;;0;"Размер: XL | Цвят: бял"
2214;10190;;0;"Цвят: бял | Размер: 2XL"
2214;10191;;0;"Цвят: бял | Размер: 3XL"
2215;10192;;0;"Цвят: черен | Размер: М"
2215;10193;;0;"Цвят: черен | Размер: L"
2215;10194;;0;"Цвят: черен | Размер: XL"
2215;10195;;0;"Цвят: черен | Размер: 2XL"
2215;10196;;0;"Цвят: черен | Размер: 3XL"
2216;10197;;0;"Размер: М | Цвят: бял"
2216;10198;;0;"Размер: L | Цвят: бял"
2216;10199;;0;"Цвят: бял | Размер: XL"
2216;10200;;0;"Размер: 2XL | Цвят: бял"
2216;10201;;1;"Цвят: бял | Размер: 3XL"
2217;10202;;0;"Цвят: мента | Размер: М"
2217;10203;;0;"Цвят: мента | Размер: L"
2217;10204;;0;"Цвят: мента | Размер: XL"
2217;10205;;0;"Цвят: мента | Размер: 2XL"
2217;10206;;0;"Цвят: мента | Размер: 3XL"
2218;10207;;0;"Размер: М | Цвят: черен"
2218;10208;;0;"Размер: L | Цвят: черен"
2218;10209;;0;"Размер: XL | Цвят: черен"
2218;10210;;0;"Размер: 2XL | Цвят: черен"
2218;10211;;0;"Цвят: черен | Размер: 3XL"
2219;10212;;0;"Размер: М | Цвят: бял"
2219;10213;;0;"Цвят: бял | Размер: L"
2219;10214;;0;"Цвят: бял | Размер: XL"
2219;10215;;0;"Цвят: бял | Размер: 2XL"
2219;10216;;1;"Размер: 3XL | Цвят: бял"
2220;10217;;0;"Цвят: черен | Размер: М"
2220;10218;;0;"Цвят: черен | Размер: L"
2220;10219;;0;"Размер: XL | Цвят: черен"
2220;10220;;0;"Цвят: черен | Размер: 2XL"
2220;10221;;0;"Размер: 3XL | Цвят: черен"
2221;10222;;0;"Цвят: бял | Размер: М"
2221;10223;;0;"Цвят: бял | Размер: L"
2221;10224;;0;"Размер: XL | Цвят: бял"
2221;10225;;0;"Размер: 2XL | Цвят: бял"
2221;10226;;1;"Цвят: бял | Размер: 3XL"
2222;10227;;0;"Цвят: тъмносин | Размер: М"
2222;10228;;0;"Цвят: тъмносин | Размер: L"
2222;10229;;0;"Цвят: тъмносин | Размер: XL"
2222;10230;;0;"Размер: 2XL | Цвят: тъмносин"
2222;10231;;0;"Цвят: тъмносин | Размер: 3XL"
2223;10232;;0;"Цвят: бял | Размер: М"
2223;10233;;0;"Размер: L | Цвят: бял"
2223;10234;;0;"Цвят: бял | Размер: XL"
2223;10235;;0;"Размер: 2XL | Цвят: бял"
2223;10236;;0;"Цвят: бял | Размер: 3XL"
2224;10237;;0;"Размер: М | Цвят: черен"
2224;10238;;0;"Размер: L | Цвят: черен"
2224;10239;;0;"Цвят: черен | Размер: XL"
2224;10240;;1;"Цвят: черен | Размер: 2XL"
2224;10241;;0;"Цвят: черен | Размер: 3XL"
2225;10242;;0;"Размер: М | Цвят: бял"
2225;10243;;0;"Размер: L | Цвят: бял"
2225;10244;;0;"Цвят: бял | Размер: XL"
2225;10245;;0;"Цвят: бял | Размер: 2XL"
2225;10246;;3;"Цвят: бял | Размер: 3XL"
2226;10247;;0;"Размер: М | Цвят: черен"
2226;10248;;0;"Размер: L | Цвят: черен"
2226;10249;;0;"Размер: XL | Цвят: черен"
2226;10250;;0;"Размер: 2XL | Цвят: черен"
2226;10251;;0;"Размер: 3XL | Цвят: черен"
2227;10252;;0;"Цвят: бял | Размер: М"
2227;10253;;0;"Цвят: бял | Размер: L"
2227;10254;;0;"Размер: XL | Цвят: бял"
2227;10255;;0;"Цвят: бял | Размер: 2XL"
2227;10256;;1;"Размер: 3XL | Цвят: бял"
2228;10257;;0;"Цвят: черен | Размер: М"
2228;10258;;0;"Цвят: черен | Размер: L"
2228;10259;;0;"Размер: XL | Цвят: черен"
2228;10260;;0;"Цвят: черен | Размер: 2XL"
2228;10261;;0;"Размер: 3XL | Цвят: черен"
2229;10262;;0;"Цвят: бял | Размер: М"
2229;10263;;0;"Цвят: бял | Размер: L"
2229;10264;;0;"Цвят: бял | Размер: XL"
2229;10265;;4;"Размер: 2XL | Цвят: бял"
2229;10266;;4;"Размер: 3XL | Цвят: бял"
2230;10267;;0;"Цвят: черен | Размер: М"
2230;10268;;0;"Цвят: черен | Размер: L"
2230;10269;;2;"Размер: XL | Цвят: черен"
2230;10270;;2;"Цвят: черен | Размер: 2XL"
2230;10271;;2;"Цвят: черен | Размер: 3XL"
2231;10272;;0;"Цвят: бял | Размер: М"
2231;10273;;0;"Размер: L | Цвят: бял"
2231;10274;;2;"Размер: XL | Цвят: бял"
2231;10275;;0;"Цвят: бял | Размер: 2XL"
2231;10276;;2;"Цвят: бял | Размер: 3XL"
2233;10277;;0;"Размер: М | Цвят: мента"
2233;10278;;0;"Размер: L | Цвят: мента"
2233;10279;;0;"Размер: XL | Цвят: мента"
2233;10280;;0;"Цвят: мента | Размер: 2XL"
2233;10281;;0;"Цвят: мента | Размер: 3XL"
2234;10282;;0;"Размер: М | Цвят: черен"
2234;10283;;0;"Размер: L | Цвят: черен"
2234;10284;;0;"Цвят: черен | Размер: XL"
2234;10285;;0;"Размер: 2XL | Цвят: черен"
2234;10286;;0;"Цвят: черен | Размер: 3XL"
2235;10287;;0;"Размер: S | Цвят: бял"
2235;10288;;0;"Размер: М | Цвят: бял"
2235;10289;;0;"Размер: L | Цвят: бял"
2235;10290;;0;"Размер: XL | Цвят: бял"
2235;10291;;0;"Размер: 2XL | Цвят: бял"
2236;10292;;0;"Размер: S | Цвят: черен"
2236;10293;;0;"Цвят: черен | Размер: М"
2236;10294;;0;"Цвят: черен | Размер: L"
2236;10295;;0;"Размер: XL | Цвят: черен"
2236;10296;;0;"Цвят: черен | Размер: 2XL"
2237;10297;;0;"Размер: S | Цвят: бял"
2237;10298;;0;"Цвят: бял | Размер: М"
2237;10299;;0;"Цвят: бял | Размер: L"
2237;10300;;0;"Размер: XL | Цвят: бял"
2237;10301;;1;"Цвят: бял | Размер: 2XL"
2238;10302;;0;"Цвят: черен | Размер: S"
2238;10303;;0;"Цвят: черен | Размер: М"
2238;10304;;0;"Цвят: черен | Размер: L"
2238;10305;;0;"Размер: XL | Цвят: черен"
2238;10306;;1;"Цвят: черен | Размер: 2XL"
2239;10307;;0;"Цвят: бял | Размер: S"
2239;10308;;0;"Цвят: бял | Размер: М"
2239;10309;;0;"Цвят: бял | Размер: L"
2239;10310;;0;"Размер: XL | Цвят: бял"
2239;10311;;1;"Цвят: бял | Размер: 2XL"
2240;10312;;0;"Цвят: черен | Размер: S"
2240;10313;;0;"Цвят: черен | Размер: М"
2240;10314;;0;"Размер: L | Цвят: черен"
2240;10315;;0;"Цвят: черен | Размер: XL"
2240;10316;;0;"Размер: 2XL | Цвят: черен"
2241;10317;;0;"Цвят: бял | Размер: S"
2241;10318;;0;"Размер: М | Цвят: бял"
2241;10319;;0;"Размер: L | Цвят: бял"
2241;10320;;0;"Цвят: бял | Размер: XL"
2241;10321;;0;"Размер: 2XL | Цвят: бял"
2242;10322;;0;"Размер: S | Цвят: черен"
2242;10323;;0;"Размер: М | Цвят: черен"
2242;10324;;0;"Цвят: черен | Размер: L"
2242;10325;;0;"Цвят: черен | Размер: XL"
2242;10326;;0;"Цвят: черен | Размер: 2XL"
2243;10327;;0;"Размер: S | Цвят: бял"
2243;10328;;0;"Размер: М | Цвят: бял"
2243;10329;;0;"Цвят: бял | Размер: L"
2243;10330;;0;"Размер: XL | Цвят: бял"
2243;10331;;0;"Цвят: бял | Размер: 2XL"
2244;10332;;0;"Размер: S | Цвят: черен"
2244;10333;;0;"Размер: М | Цвят: черен"
2244;10334;;0;"Размер: L | Цвят: черен"
2244;10335;;0;"Размер: XL | Цвят: черен"
2244;10336;;0;"Размер: 2XL | Цвят: черен"
2245;10337;;0;"Цвят: бял | Размер: S"
2245;10338;;0;"Цвят: бял | Размер: М"
2245;10339;;0;"Размер: L | Цвят: бял"
2245;10340;;0;"Размер: XL | Цвят: бял"
2245;10341;;1;"Размер: 2XL | Цвят: бял"
2246;10342;;0;"Цвят: черен | Размер: S"
2246;10343;;0;"Цвят: черен | Размер: М"
2246;10344;;0;"Цвят: черен | Размер: L"
2246;10345;;0;"Цвят: черен | Размер: XL"
2246;10346;;1;"Размер: 2XL | Цвят: черен"
2247;10347;;0;"Размер: 48"
2247;10348;;0;"Размер: 50"
2247;10349;;0;"Размер: 52"
2247;10350;;0;"Размер: 54"
2247;10351;;0;"Размер: 56"
2247;10352;;0;"Размер: 58"
2247;10353;;0;"Размер: 60"
2248;10354;;0;"Размер: 48"
2248;10355;;0;"Размер: 50"
2248;10356;;0;"Размер: 52"
2248;10357;;0;"Размер: 54"
2248;10358;;0;"Размер: 56"
2248;10359;;1;"Размер: 58"
2248;10360;;0;"Размер: 60"
2249;10361;;0;"Размер: 44"
2249;10362;;1;"Размер: 46"
2249;10363;;1;"Размер: 48"
2249;10364;;0;"Размер: 50"
2249;10365;;0;"Размер: 52"
2249;10366;;1;"Размер: 54"
2249;10367;;0;"Размер: 56"
2250;10368;;0;"Размер: 44"
2250;10369;;0;"Размер: 46"
2250;10370;;2;"Размер: 48"
2250;10371;;0;"Размер: 50"
2250;10372;;0;"Размер: 52"
2250;10373;;0;"Размер: 54"
2250;10374;;0;"Размер: 56"
2251;10375;;0;"Цвят: бял | Размер: S"
2251;10376;;0;"Цвят: бял | Размер: М"
2251;10377;;0;"Цвят: бял | Размер: L"
2251;10378;;0;"Цвят: бял | Размер: XL"
2251;10379;;0;"Размер: 2XL | Цвят: бял"
2252;10380;;0;"Цвят: тъмносин | Размер: S"
2252;10381;;0;"Цвят: тъмносин | Размер: М"
2252;10382;;0;"Размер: L | Цвят: тъмносин"
2252;10383;;0;"Цвят: тъмносин | Размер: XL"
2252;10384;;0;"Цвят: тъмносин | Размер: 2XL"
2253;10385;;0;"Цвят: светлобежов | Размер: S"
2253;10386;;0;"Размер: М | Цвят: светлобежов"
2253;10387;;0;"Размер: L | Цвят: светлобежов"
2253;10388;;0;"Размер: XL | Цвят: светлобежов"
2253;10389;;0;"Цвят: светлобежов | Размер: 2XL"
2254;10390;;1;"Размер: S | Цвят: черен"
2254;10391;;0;"Размер: М | Цвят: черен"
2254;10392;;0;"Размер: L | Цвят: черен"
2254;10393;;0;"Цвят: черен | Размер: XL"
2254;10394;;0;"Цвят: черен | Размер: 2XL"
2255;10395;;1;"Размер: S | Цвят: бял"
2255;10396;;0;"Размер: М | Цвят: бял"
2255;10397;;1;"Размер: L | Цвят: бял"
2255;10398;;0;"Цвят: бял | Размер: XL"
2255;10399;;1;"Цвят: бял | Размер: 2XL"
2256;10400;;0;"Цвят: червен | Размер: S"
2256;10401;;0;"Цвят: червен | Размер: М"
2256;10402;;0;"Цвят: червен | Размер: L"
2256;10403;;0;"Размер: XL | Цвят: червен"
2256;10404;;0;"Цвят: червен | Размер: 2XL"
2257;10405;;0;"Цвят: светлобежов | Размер: S"
2257;10406;;0;"Цвят: светлобежов | Размер: М"
2257;10407;;0;"Цвят: светлобежов | Размер: L"
2257;10408;;0;"Размер: XL | Цвят: светлобежов"
2257;10409;;0;"Цвят: светлобежов | Размер: 2XL"
2258;10410;;0;"Цвят: бял | Размер: S"
2258;10411;;0;"Цвят: бял | Размер: М"
2258;10412;;0;"Цвят: бял | Размер: L"
2258;10413;;0;"Размер: XL | Цвят: бял"
2258;10414;;0;"Размер: 2XL | Цвят: бял"
2259;10415;;0;"Цвят: черен | Размер: S"
2259;10416;;0;"Цвят: черен | Размер: М"
2259;10417;;0;"Цвят: черен | Размер: L"
2259;10418;;0;"Размер: XL | Цвят: черен"
2259;10419;;0;"Размер: 2XL | Цвят: черен"
2260;10420;;0;"Размер: S | Цвят: бял"
2260;10421;;0;"Цвят: бял | Размер: М"
2260;10422;;0;"Размер: L | Цвят: бял"
2260;10423;;0;"Цвят: бял | Размер: XL"
2260;10424;;1;"Размер: 2XL | Цвят: бял"
2261;10425;;0;"Цвят: черен | Размер: S"
2261;10426;;0;"Размер: М | Цвят: черен"
2261;10427;;0;"Размер: L | Цвят: черен"
2261;10428;;0;"Цвят: черен | Размер: XL"
2261;10429;;0;"Размер: 2XL | Цвят: черен"
2262;10430;;0;"Размер: S | Цвят: бял"
2262;10431;;2;"Размер: М | Цвят: бял"
2262;10432;;1;"Размер: L | Цвят: бял"
2262;10433;;2;"Размер: XL | Цвят: бял"
2262;10434;;0;"Цвят: бял | Размер: 2XL"
2263;10435;;0;"Размер: S | Цвят: бял"
2263;10436;;0;"Размер: М | Цвят: бял"
2263;10437;;0;"Размер: L | Цвят: бял"
2263;10438;;0;"Размер: XL | Цвят: бял"
2263;10439;;0;"Размер: 2XL | Цвят: бял"
2264;10440;;0;"Размер: S | Цвят: бял"
2264;10441;;0;"Размер: М | Цвят: бял"
2264;10442;;0;"Цвят: бял | Размер: L"
2264;10443;;0;"Цвят: бял | Размер: XL"
2264;10444;;0;"Цвят: бял | Размер: 2XL"
2265;10445;;0;"Размер: S | Цвят: черен"
2265;10446;;0;"Размер: М | Цвят: черен"
2265;10447;;0;"Размер: L | Цвят: черен"
2265;10448;;0;"Размер: XL | Цвят: черен"
2265;10449;;0;"Цвят: черен | Размер: 2XL"
2266;10450;;0;"Цвят: бял | Размер: S"
2266;10451;;0;"Цвят: бял | Размер: М"
2266;10452;;0;"Цвят: бял | Размер: L"
2266;10453;;0;"Размер: XL | Цвят: бял"
2266;10454;;0;"Размер: 2XL | Цвят: бял"
2267;10455;;0;"Цвят: черен | Размер: S"
2267;10456;;0;"Цвят: черен | Размер: М"
2267;10457;;0;"Цвят: черен | Размер: L"
2267;10458;;0;"Размер: XL | Цвят: черен"
2267;10459;;0;"Размер: 2XL | Цвят: черен"
2268;10460;;0;"Цвят: бял | Размер: S"
2268;10461;;0;"Цвят: бял | Размер: М"
2268;10462;;0;"Размер: L | Цвят: бял"
2268;10463;;0;"Цвят: бял | Размер: XL"
2268;10464;;0;"Размер: 2XL | Цвят: бял"
2269;10465;;0;"Цвят: черен | Размер: S"
2269;10466;;0;"Размер: М | Цвят: черен"
2269;10467;;0;"Цвят: черен | Размер: L"
2269;10468;;1;"Цвят: черен | Размер: XL"
2269;10469;;1;"Цвят: черен | Размер: 2XL"
2270;10470;;0;"Размер: S | Цвят: бял"
2270;10471;;0;"Размер: М | Цвят: бял"
2270;10472;;0;"Размер: L | Цвят: бял"
2270;10473;;0;"Цвят: бял | Размер: XL"
2270;10474;;0;"Цвят: бял | Размер: 2XL"
2271;10475;;0;"Размер: S | Цвят: черен"
2271;10476;;0;"Размер: М | Цвят: черен"
2271;10477;;0;"Размер: L | Цвят: черен"
2271;10478;;0;"Размер: XL | Цвят: черен"
2271;10479;;0;"Размер: 2XL | Цвят: черен"
2272;10480;;0;"Цвят: бял | Размер: S"
2272;10481;;0;"Размер: М | Цвят: бял"
2272;10482;;0;"Цвят: бял | Размер: L"
2272;10483;;0;"Размер: XL | Цвят: бял"
2272;10484;;0;"Цвят: бял | Размер: 2XL"
2273;10485;;0;"Цвят: черен | Размер: S"
2273;10486;;0;"Цвят: черен | Размер: М"
2273;10487;;0;"Цвят: черен | Размер: L"
2273;10488;;0;"Размер: XL | Цвят: черен"
2273;10489;;0;"Цвят: черен | Размер: 2XL"
2274;10490;;0;"Размер: S | Цвят: бял"
2274;10491;;0;"Цвят: бял | Размер: М"
2274;10492;;0;"Цвят: бял | Размер: L"
2274;10493;;0;"Цвят: бял | Размер: XL"
2274;10494;;0;"Размер: 2XL | Цвят: бял"
2275;10495;;0;"Размер: S | Цвят: черен"
2275;10496;;0;"Цвят: черен | Размер: М"
2275;10497;;0;"Цвят: черен | Размер: L"
2275;10498;;0;"Цвят: черен | Размер: XL"
2275;10499;;0;"Цвят: черен | Размер: 2XL"
2276;10500;;0;"Цвят: бял | Размер: S"
2276;10501;;0;"Цвят: бял | Размер: М"
2276;10502;;0;"Размер: L | Цвят: бял"
2276;10503;;0;"Размер: XL | Цвят: бял"
2276;10504;;0;"Цвят: бял | Размер: 2XL"
2277;10505;;0;"Цвят: черен | Размер: S"
2277;10506;;0;"Размер: М | Цвят: черен"
2277;10507;;0;"Размер: L | Цвят: черен"
2277;10508;;0;"Цвят: черен | Размер: XL"
2277;10509;;0;"Размер: 2XL | Цвят: черен"
2278;10510;;0;"Размер: S | Цвят: бял"
2278;10511;;0;"Размер: М | Цвят: бял"
2278;10512;;0;"Размер: L | Цвят: бял"
2278;10513;;0;"Цвят: бял | Размер: XL"
2278;10514;;0;"Размер: 2XL | Цвят: бял"
2279;10515;;0;"Размер: S | Цвят: черен"
2279;10516;;0;"Цвят: черен | Размер: М"
2279;10517;;0;"Цвят: черен | Размер: L"
2279;10518;;0;"Размер: XL | Цвят: черен"
2279;10519;;0;"Цвят: черен | Размер: 2XL"
2280;10520;;0;"Размер: S | Цвят: бял"
2280;10521;;0;"Размер: М | Цвят: бял"
2280;10522;;0;"Цвят: бял | Размер: L"
2280;10523;;0;"Размер: XL | Цвят: бял"
2280;10524;;0;"Цвят: бял | Размер: 2XL"
2281;10525;;0;"Размер: S | Цвят: черен"
2281;10526;;0;"Размер: М | Цвят: черен"
2281;10527;;0;"Размер: L | Цвят: черен"
2281;10528;;0;"Размер: XL | Цвят: черен"
2281;10529;;0;"Цвят: черен | Размер: 2XL"
2282;10530;;0;"Цвят: бял | Размер: S"
2282;10531;;0;"Цвят: бял | Размер: М"
2282;10532;;0;"Цвят: бял | Размер: L"
2282;10533;;0;"Размер: XL | Цвят: бял"
2282;10534;;0;"Размер: 2XL | Цвят: бял"
2283;10535;;0;"Цвят: черен | Размер: S"
2283;10536;;0;"Цвят: черен | Размер: М"
2283;10537;;0;"Цвят: черен | Размер: L"
2283;10538;;0;"Размер: XL | Цвят: черен"
2283;10539;;1;"Размер: 2XL | Цвят: черен"
2284;10540;;0;"Цвят: бял | Размер: М"
2284;10541;;0;"Размер: L | Цвят: бял"
2284;10542;;0;"Цвят: бял | Размер: XL"
2284;10543;;0;"Размер: 2XL | Цвят: бял"
2284;10544;;0;"Размер: 3XL | Цвят: бял"
2285;10545;;0;"Размер: М | Цвят: черен"
2285;10546;;0;"Размер: L | Цвят: черен"
2285;10547;;0;"Цвят: черен | Размер: XL"
2285;10548;;0;"Цвят: черен | Размер: 2XL"
2285;10549;;1;"Размер: 3XL | Цвят: черен"
2286;10550;;0;"Размер: М | Цвят: бял"
2286;10551;;0;"Размер: L | Цвят: бял"
2286;10552;;0;"Цвят: бял | Размер: XL"
2286;10553;;2;"Цвят: бял | Размер: 2XL"
2286;10554;;2;"Цвят: бял | Размер: 3XL"
2288;10555;;0;"Размер: М | Цвят: черен"
2288;10556;;0;"Размер: L | Цвят: черен"
2288;10557;;0;"Размер: XL | Цвят: черен"
2288;10558;;1;"Размер: 2XL | Цвят: черен"
2288;10559;;0;"Размер: 3XL | Цвят: черен"
2289;10560;;0;"Цвят: бял | Размер: М"
2289;10561;;0;"Цвят: бял | Размер: L"
2289;10562;;0;"Размер: XL | Цвят: бял"
2289;10563;;0;"Цвят: бял | Размер: 2XL"
2289;10564;;1;"Размер: 3XL | Цвят: бял"
2290;10565;;0;"Цвят: черен | Размер: М"
2290;10566;;0;"Цвят: черен | Размер: L"
2290;10567;;0;"Цвят: черен | Размер: XL"
2290;10568;;2;"Цвят: черен | Размер: 2XL"
2290;10569;;2;"Цвят: черен | Размер: 3XL"
2291;10570;;0;"Размер: М | Цвят: червен"
2291;10571;;0;"Размер: L | Цвят: червен"
2291;10572;;0;"Цвят: червен | Размер: XL"
2291;10573;;0;"Размер: 2XL | Цвят: червен"
2291;10574;;1;"Цвят: червен | Размер: 3XL"
2292;10575;;0;"Цвят: черен | Размер: S"
2292;10576;;0;"Цвят: черен | Размер: М"
2292;10577;;0;"Размер: L | Цвят: черен"
2292;10578;;0;"Цвят: черен | Размер: XL"
2292;10579;;0;"Цвят: черен | Размер: 2XL"
2293;10580;;0;"Цвят: червен | Размер: S"
2293;10581;;0;"Цвят: червен | Размер: М"
2293;10582;;0;"Размер: L | Цвят: червен"
2293;10583;;0;"Размер: XL | Цвят: червен"
2293;10584;;0;"Размер: 2XL | Цвят: червен"
2294;10585;;0;"Размер: S | Цвят: бял"
2294;10586;;0;"Цвят: бял | Размер: М"
2294;10587;;0;"Размер: L | Цвят: бял"
2294;10588;;0;"Цвят: бял | Размер: XL"
2294;10589;;0;"Цвят: бял | Размер: 2XL"
2295;10590;;0;"Размер: S | Цвят: черен"
2295;10591;;0;"Размер: М | Цвят: черен"
2295;10592;;0;"Размер: L | Цвят: черен"
2295;10593;;0;"Цвят: черен | Размер: XL"
2295;10594;;0;"Размер: 2XL | Цвят: черен"
2296;10595;;0;"Размер: S | Цвят: бял"
2296;10596;;0;"Размер: М | Цвят: бял"
2296;10597;;0;"Размер: L | Цвят: бял"
2296;10598;;0;"Размер: XL | Цвят: бял"
2296;10599;;0;"Цвят: бял | Размер: 2XL"
2297;10600;;0;"Размер: S | Цвят: черен"
2297;10601;;0;"Цвят: черен | Размер: М"
2297;10602;;0;"Цвят: черен | Размер: L"
2297;10603;;0;"Размер: XL | Цвят: черен"
2297;10604;;0;"Цвят: черен | Размер: 2XL"
2298;10605;;0;"Цвят: бял | Размер: S"
2298;10606;;0;"Цвят: бял | Размер: М"
2298;10607;;0;"Цвят: бял | Размер: L"
2298;10608;;0;"Размер: XL | Цвят: бял"
2298;10609;;0;"Цвят: бял | Размер: 2XL"
2299;10610;;0;"Цвят: черен | Размер: S"
2299;10611;;0;"Цвят: черен | Размер: М"
2299;10612;;0;"Размер: L | Цвят: черен"
2299;10613;;0;"Размер: XL | Цвят: черен"
2299;10614;;0;"Размер: 2XL | Цвят: черен"
2300;10615;;0;"Размер: S | Цвят: бял"
2300;10616;;0;"Размер: М | Цвят: бял"
2300;10617;;0;"Цвят: бял | Размер: L"
2300;10618;;0;"Цвят: бял | Размер: XL"
2300;10619;;0;"Размер: 2XL | Цвят: бял"
2301;10620;;0;"Цвят: черен | Размер: S"
2301;10621;;0;"Цвят: черен | Размер: М"
2301;10622;;0;"Размер: L | Цвят: черен"
2301;10623;;0;"Цвят: черен | Размер: XL"
2301;10624;;0;"Размер: 2XL | Цвят: черен"
2302;10625;;0;"Размер: S | Цвят: бял"
2302;10626;;0;"Размер: М | Цвят: бял"
2302;10627;;0;"Размер: L | Цвят: бял"
2302;10628;;0;"Цвят: бял | Размер: XL"
2302;10629;;0;"Размер: 2XL | Цвят: бял"
2303;10630;;0;"Размер: S | Цвят: черен"
2303;10631;;0;"Размер: М | Цвят: черен"
2303;10632;;0;"Цвят: черен | Размер: L"
2303;10633;;0;"Цвят: черен | Размер: XL"
2303;10634;;0;"Цвят: черен | Размер: 2XL"
2304;10635;;0;"Цвят: бял | Размер: S"
2304;10636;;0;"Цвят: бял | Размер: М"
2304;10637;;0;"Цвят: бял | Размер: L"
2304;10638;;0;"Размер: XL | Цвят: бял"
2304;10639;;0;"Цвят: бял | Размер: 2XL"
2305;10640;;0;"Размер: S | Цвят: черен"
2305;10641;;0;"Размер: М | Цвят: черен"
2305;10642;;0;"Размер: L | Цвят: черен"
2305;10643;;0;"Размер: XL | Цвят: черен"
2305;10644;;0;"Размер: 2XL | Цвят: черен"
2306;10647;;0;"Размер: S | Цвят: бял"
2306;10648;;0;"Размер: М | Цвят: бял"
2306;10649;;0;"Размер: L | Цвят: бял"
2306;10650;;0;"Цвят: бял | Размер: XL"
2306;10651;;0;"Цвят: бял | Размер: 2XL"
2307;10652;;0;"Цвят: черен | Размер: S"
2307;10653;;0;"Цвят: черен | Размер: М"
2307;10654;;0;"Цвят: черен | Размер: L"
2307;10655;;0;"Цвят: черен | Размер: XL"
2307;10656;;0;"Размер: 2XL | Цвят: черен"
2308;10657;;0;"Цвят: бял | Размер: S"
2308;10658;;0;"Цвят: бял | Размер: М"
2308;10659;;0;"Цвят: бял | Размер: L"
2308;10660;;0;"Размер: XL | Цвят: бял"
2308;10661;;0;"Размер: 2XL | Цвят: бял"
2309;10662;;0;"Цвят: черен | Размер: S"
2309;10663;;0;"Цвят: черен | Размер: М"
2309;10664;;0;"Размер: L | Цвят: черен"
2309;10665;;0;"Цвят: черен | Размер: XL"
2309;10666;;0;"Цвят: черен | Размер: 2XL"
2310;10667;;0;"Размер: S | Цвят: бял"
2310;10668;;0;"Размер: М | Цвят: бял"
2310;10669;;0;"Цвят: бял | Размер: L"
2310;10670;;0;"Цвят: бял | Размер: XL"
2310;10671;;0;"Цвят: бял | Размер: 2XL"
2311;10672;;0;"Размер: S | Цвят: черен"
2311;10673;;0;"Размер: М | Цвят: черен"
2311;10674;;0;"Размер: L | Цвят: черен"
2311;10675;;0;"Цвят: черен | Размер: XL"
2311;10676;;0;"Размер: 2XL | Цвят: черен"
2312;10677;;0;"Размер: S | Цвят: бял"
2312;10678;;0;"Размер: М | Цвят: бял"
2312;10679;;0;"Размер: L | Цвят: бял"
2312;10680;;0;"Размер: XL | Цвят: бял"
2312;10681;;0;"Цвят: бял | Размер: 2XL"
2313;10682;;0;"Размер: S | Цвят: черен"
2313;10683;;0;"Цвят: черен | Размер: М"
2313;10684;;0;"Цвят: черен | Размер: L"
2313;10685;;0;"Размер: XL | Цвят: черен"
2313;10686;;0;"Цвят: черен | Размер: 2XL"
2314;10692;;0;"Цвят: син | Размер: S"
2314;10693;;0;"Цвят: син | Размер: М"
2314;10694;;0;"Цвят: син | Размер: L"
2314;10695;;0;"Размер: XL | Цвят: син"
2314;10696;;0;"Размер: 2XL | Цвят: син"
2315;10697;;0;"Цвят: червен | Размер: S"
2315;10698;;0;"Цвят: червен | Размер: М"
2315;10699;;0;"Цвят: червен | Размер: L"
2315;10700;;0;"Цвят: червен | Размер: XL"
2315;10701;;0;"Размер: 2XL | Цвят: червен"
2316;10702;;0;"Цвят: небесносин | Размер: S"
2317;10707;;1;"Цвят: бял | Размер: S"
2317;10711;;0;"Цвят: бял | Размер: 2XL"
2318;10712;;0;"Размер: S | Цвят: антрацит"
2318;10715;;0;"Размер: XL | Цвят: антрацит"
2319;10717;;0;"Размер: S | Цвят: черен"
2319;10718;;0;"Цвят: черен | Размер: М"
2319;10719;;0;"Размер: L | Цвят: черен"
2319;10720;;0;"Размер: XL | Цвят: черен"
2319;10721;;0;"Цвят: черен | Размер: 2XL"
2320;10724;;0;"Размер: L | Цвят: светлобежов"
2320;10726;;1;"Размер: 2XL | Цвят: светлобежов"
2321;10727;;1;"Цвят: мента | Размер: S"
2321;10730;;0;"Цвят: мента | Размер: XL"
2321;10731;;1;"Цвят: мента | Размер: 2XL"
2322;10732;;0;"Цвят: черен | Размер: S"
2322;10733;;0;"Размер: М | Цвят: черен"
2322;10734;;0;"Размер: L | Цвят: черен"
2322;10735;;0;"Размер: XL | Цвят: черен"
2322;10736;;0;"Цвят: черен | Размер: 2XL"
2323;10740;;2;"Размер: XL | Цвят: светлозелен"
2324;10742;;0;"Размер: S | Цвят: червен"
2324;10743;;0;"Размер: М | Цвят: червен"
2324;10744;;0;"Размер: L | Цвят: червен"
2324;10745;;0;"Цвят: червен | Размер: XL"
2324;10746;;0;"Цвят: червен | Размер: 2XL"
2325;10747;;0;"Размер: S | Цвят: черен"
2326;10752;;0;"Цвят: бял | Размер: S"
2326;10753;;0;"Размер: М | Цвят: бял"
2326;10754;;0;"Размер: L | Цвят: бял"
2326;10755;;0;"Размер: XL | Цвят: бял"
2326;10756;;0;"Размер: 2XL | Цвят: бял"
2327;10757;;0;"Цвят: черен | Размер: S"
2327;10758;;0;"Цвят: черен | Размер: М"
2327;10759;;0;"Цвят: черен | Размер: L"
2327;10760;;0;"Цвят: черен | Размер: XL"
2327;10761;;0;"Размер: 2XL | Цвят: черен"
2328;10762;;1;"Цвят: син | Размер: S"
2329;10770;;0;"Цвят: жълт | Размер: XL"
2330;10772;;0;"Цвят:  сив  | Размер: S"
2330;10773;;0;"Цвят:  сив  | Размер: М"
2330;10774;;0;"Цвят:  сив  | Размер: L"
2330;10775;;0;"Цвят:  сив  | Размер: XL"
2330;10776;;0;"Размер: 2XL | Цвят:  сив "
2331;10777;;0;"Цвят: червен | Размер: S"
2331;10778;;0;"Цвят: червен | Размер: М"
2331;10779;;0;"Цвят: червен | Размер: L"
2331;10780;;0;"Цвят: червен | Размер: XL"
2331;10781;;0;"Размер: 2XL | Цвят: червен"
2332;10786;;1;"Цвят: светлокремав | Размер: 2XL"
2333;10687;;0;"Цвят: тъмносин | Размер: М"
2333;10688;;0;"Цвят: тъмносин | Размер: L"
2333;10689;;0;"Размер: XL | Цвят: тъмносин"
2333;10690;;0;"Цвят: тъмносин | Размер: 2XL"
2333;10691;;0;"Цвят: тъмносин | Размер: 3XL"
2334;10817;;1;"Размер: S | Цвят: черен"
2334;10818;;0;"Размер: М | Цвят: черен"
2334;10819;;0;"Размер: L | Цвят: черен"
2334;10820;;1;"Цвят: черен | Размер: XL"
2334;10821;;1;"Цвят: черен | Размер: 2XL"
2335;10822;;0;"Размер: S | Цвят: черен"
2335;10823;;0;"Цвят: черен | Размер: М"
2335;10824;;0;"Цвят: черен | Размер: L"
2335;10825;;0;"Цвят: черен | Размер: XL"
2335;10826;;0;"Размер: 2XL | Цвят: черен"
2336;10827;;0;"Размер: S | Цвят: черен"
2336;10828;;0;"Цвят: черен | Размер: М"
2336;10829;;0;"Размер: L | Цвят: черен"
2336;10830;;0;"Размер: XL | Цвят: черен"
2336;10831;;0;"Цвят: черен | Размер: 2XL"
2337;10787;;0;"Размер: S | Цвят: черен"
2337;10788;;0;"Цвят: черен | Размер: М"
2337;10789;;0;"Размер: L | Цвят: черен"
2337;10790;;0;"Размер: XL | Цвят: черен"
2337;10791;;0;"Цвят: черен | Размер: 2XL"
2338;10792;;0;"Цвят: черен | Размер: S"
2338;10793;;0;"Цвят: черен | Размер: М"
2338;10794;;0;"Размер: L | Цвят: черен"
2338;10795;;0;"Размер: XL | Цвят: черен"
2338;10796;;0;"Цвят: черен | Размер: 2XL"
2339;10797;;0;"Размер: S | Цвят: черен"
2339;10798;;0;"Размер: М | Цвят: черен"
2339;10799;;0;"Цвят: черен | Размер: L"
2339;10800;;0;"Цвят: черен | Размер: XL"
2339;10801;;0;"Цвят: черен | Размер: 2XL"
2340;10802;;0;"Цвят: черен | Размер: S"
2340;10803;;0;"Размер: М | Цвят: черен"
2340;10804;;0;"Размер: L | Цвят: черен"
2340;10805;;0;"Размер: XL | Цвят: черен"
2340;10806;;0;"Размер: 2XL | Цвят: черен"
2341;10807;;0;"Цвят: бял | Размер: S"
2341;10808;;0;"Цвят: бял | Размер: М"
2341;10809;;0;"Цвят: бял | Размер: L"
2341;10810;;0;"Цвят: бял | Размер: XL"
2341;10811;;1;"Размер: 2XL | Цвят: бял"
2343;10812;;0;"Размер: S | Цвят: черен"
2343;10813;;0;"Цвят: черен | Размер: М"
2343;10814;;0;"Цвят: черен | Размер: L"
2343;10815;;0;"Цвят: черен | Размер: XL"
2343;10816;;0;"Размер: 2XL | Цвят: черен"
2344;10832;;0;"Цвят: бял | Размер: М"
2344;10833;;0;"Размер: L | Цвят: бял"
2344;10834;;0;"Размер: XL | Цвят: бял"
2344;10835;;0;"Цвят: бял | Размер: 2XL"
2344;10836;;0;"Размер: 3XL | Цвят: бял"
2345;10837;;0;"Размер: М | Цвят: черен"
2345;10838;;0;"Размер: L | Цвят: черен"
2345;10839;;0;"Размер: XL | Цвят: черен"
2345;10840;;0;"Цвят: черен | Размер: 2XL"
2345;10841;;0;"Цвят: черен | Размер: 3XL"
2346;10842;;0;"Размер: М | Цвят: бял"
2346;10843;;0;"Цвят: бял | Размер: L"
2346;10844;;1;"Размер: XL | Цвят: бял"
2346;10845;;0;"Размер: 2XL | Цвят: бял"
2346;10846;;1;"Размер: 3XL | Цвят: бял"
2347;10847;;0;"Цвят: черен | Размер: М"
2347;10848;;0;"Цвят: черен | Размер: L"
2347;10849;;0;"Цвят: черен | Размер: XL"
2347;10850;;0;"Размер: 2XL | Цвят: черен"
2347;10851;;0;"Размер: 3XL | Цвят: черен"
2348;10852;;0;"Размер: М | Цвят: бял"
2348;10853;;0;"Цвят: бял | Размер: L"
2348;10854;;0;"Цвят: бял | Размер: XL"
2348;10855;;0;"Цвят: бял | Размер: 2XL"
2348;10856;;0;"Цвят: бял | Размер: 3XL"
2349;10857;;0;"Размер: М | Цвят: черен"
2349;10858;;0;"Размер: L | Цвят: черен"
2349;10859;;0;"Цвят: черен | Размер: XL"
2349;10860;;0;"Цвят: черен | Размер: 2XL"
2349;10861;;0;"Цвят: черен | Размер: 3XL"
2350;10862;;0;"Размер: М | Цвят: небесносин"
2350;10863;;0;"Размер: L | Цвят: небесносин"
2350;10864;;0;"Цвят: небесносин | Размер: XL"
2350;10865;;0;"Цвят: небесносин | Размер: 2XL"
2350;10866;;0;"Цвят: небесносин | Размер: 3XL"
2351;10867;;0;"Цвят: бял | Размер: М"
2351;10868;;0;"Размер: L | Цвят: бял"
2351;10869;;0;"Размер: XL | Цвят: бял"
2351;10870;;0;"Размер: 2XL | Цвят: бял"
2351;10871;;0;"Цвят: бял | Размер: 3XL"
2352;10872;;0;"Цвят: светлобежов | Размер: М"
2352;10873;;0;"Размер: L | Цвят: светлобежов"
2352;10874;;0;"Размер: XL | Цвят: светлобежов"
2352;10875;;0;"Цвят: светлобежов | Размер: 2XL"
2352;10876;;0;"Размер: 3XL | Цвят: светлобежов"
2353;10877;;0;"Цвят: бял | Размер: S"
2353;10878;;0;"Размер: М | Цвят: бял"
2353;10879;;0;"Размер: L | Цвят: бял"
2353;10880;;0;"Размер: XL | Цвят: бял"
2353;10881;;0;"Цвят: бял | Размер: 2XL"
2354;10882;;0;"Размер: S | Цвят: бял"
2354;10883;;0;"Размер: М | Цвят: бял"
2354;10884;;0;"Цвят: бял | Размер: L"
2354;10885;;0;"Цвят: бял | Размер: XL"
2354;10886;;0;"Размер: 2XL | Цвят: бял"
2355;10917;;0;"Размер: S | Цвят: черен"
2355;10918;;2;"Размер: М | Цвят: черен"
2355;10919;;1;"Размер: L | Цвят: черен"
2355;10920;;0;"Цвят: черен | Размер: XL"
2355;10921;;0;"Цвят: черен | Размер: 2XL"
2356;10922;;1;"Размер: S | Цвят: тъмносин"
2356;10923;;0;"Цвят: тъмносин | Размер: М"
2356;10924;;0;"Цвят: тъмносин | Размер: L"
2356;10925;;0;"Цвят: тъмносин | Размер: XL"
2356;10926;;0;"Размер: 2XL | Цвят: тъмносин"
2357;10927;;0;"Цвят: черен | Размер: S"
2357;10928;;0;"Размер: М | Цвят: черен"
2357;10929;;0;"Размер: L | Цвят: черен"
2357;10930;;0;"Размер: XL | Цвят: черен"
2357;10931;;0;"Размер: 2XL | Цвят: черен"
2358;10887;;1;"Цвят: зелен | Размер: S"
2358;10888;;0;"Размер: М | Цвят: зелен"
2358;10889;;0;"Размер: L | Цвят: зелен"
2358;10890;;0;"Размер: XL | Цвят: зелен"
2358;10891;;0;"Цвят: зелен | Размер: 2XL"
2359;10892;;1;"Цвят: черен | Размер: S"
2359;10893;;0;"Размер: М | Цвят: черен"
2359;10894;;0;"Размер: L | Цвят: черен"
2359;10895;;0;"Размер: XL | Цвят: черен"
2359;10896;;0;"Размер: 2XL | Цвят: черен"
2360;10932;;0;"Цвят: черен | Размер: S"
2360;10933;;0;"Цвят: черен | Размер: М"
2360;10934;;0;"Цвят: черен | Размер: L"
2360;10935;;0;"Цвят: черен | Размер: XL"
2360;10936;;0;"Размер: 2XL | Цвят: черен"
2361;10897;;0;"Размер: S | Цвят: черен"
2361;10898;;0;"Цвят: черен | Размер: М"
2361;10899;;0;"Цвят: черен | Размер: L"
2361;10900;;0;"Цвят: черен | Размер: XL"
2361;10901;;0;"Размер: 2XL | Цвят: черен"
2362;10902;;0;"Размер: S | Цвят: небесносин"
2362;10903;;0;"Цвят: небесносин | Размер: М"
2362;10904;;0;"Цвят: небесносин | Размер: L"
2362;10905;;0;"Цвят: небесносин | Размер: XL"
2362;10906;;0;"Размер: 2XL | Цвят: небесносин"
2363;10907;;0;"Размер: S | Цвят: бял"
2363;10908;;0;"Цвят: бял | Размер: М"
2363;10909;;0;"Размер: L | Цвят: бял"
2363;10910;;0;"Размер: XL | Цвят: бял"
2363;10911;;0;"Размер: 2XL | Цвят: бял"
2364;10912;;0;"Размер: S | Цвят: червен"
2364;10913;;0;"Цвят: червен | Размер: М"
2364;10914;;0;"Размер: L | Цвят: червен"
2364;10915;;0;"Размер: XL | Цвят: червен"
2364;10916;;1;"Цвят: червен | Размер: 2XL"
2365;10937;;0;"Размер: 44 | Цвят: черен"
2365;10938;;1;"Цвят: черен | Размер: 46"
2365;10939;;1;"Размер: 48 | Цвят: черен"
2365;10940;;0;"Размер: 50 | Цвят: черен"
2365;10941;;0;"Цвят: черен | Размер: 52"
2365;10942;;0;"Цвят: черен | Размер: 54"
2365;10943;;0;"Размер: 56 | Цвят: черен"
2366;10944;;0;"Цвят: тъмносин | Размер: 44"
2366;10945;;1;"Размер: 46 | Цвят: тъмносин"
2366;10946;;0;"Размер: 48 | Цвят: тъмносин"
2366;10947;;0;"Размер: 50 | Цвят: тъмносин"
2366;10948;;0;"Цвят: тъмносин | Размер: 52"
2366;10949;;0;"Цвят: тъмносин | Размер: 54"
2366;10950;;0;"Размер: 56 | Цвят: тъмносин"
2367;10951;;0;"Цвят: черен | Размер: 44"
2367;10952;;0;"Размер: 46 | Цвят: черен"
2367;10953;;1;"Цвят: черен | Размер: 48"
2367;10954;;0;"Цвят: черен | Размер: 50"
2367;10955;;0;"Размер: 52 | Цвят: черен"
2367;10956;;0;"Цвят: черен | Размер: 54"
2367;10957;;0;"Цвят: черен | Размер: 56"
2368;10958;;0;"Цвят: тъмносин | Размер: 44"
2368;10959;;1;"Размер: 46 | Цвят: тъмносин"
2368;10960;;0;"Размер: 48 | Цвят: тъмносин"
2368;10961;;1;"Цвят: тъмносин | Размер: 50"
2368;10962;;0;"Размер: 52 | Цвят: тъмносин"
2368;10963;;0;"Цвят: тъмносин | Размер: 54"
2368;10964;;0;"Цвят: тъмносин | Размер: 56"
2370;10965;;0;"Размер: S | Цвят: черен"
2370;10966;;0;"Цвят: черен | Размер: М"
2370;10967;;0;"Цвят: черен | Размер: L"
2370;10968;;0;"Цвят: черен | Размер: XL"
2370;10969;;0;"Размер: 2XL | Цвят: черен"
2371;10970;;0;"Цвят: бял | Размер: S"
2371;10971;;0;"Цвят: бял | Размер: М"
2371;10972;;0;"Цвят: бял | Размер: L"
2371;10973;;1;"Цвят: бял | Размер: XL"
2371;10974;;1;"Размер: 2XL | Цвят: бял"
2372;10975;;0;"Размер: S | Цвят: черен"
2372;10976;;0;"Цвят: черен | Размер: М"
2372;10977;;0;"Размер: L | Цвят: черен"
2372;10978;;0;"Размер: XL | Цвят: черен"
2372;10979;;0;"Цвят: черен | Размер: 2XL"
2373;10980;;0;"Размер: S | Цвят: бял"
2373;10981;;0;"Цвят: бял | Размер: М"
2373;10982;;0;"Размер: L | Цвят: бял"
2373;10983;;0;"Цвят: бял | Размер: XL"
2373;10984;;1;"Цвят: бял | Размер: 2XL"
2374;10985;;0;"Размер: S | Цвят: черен"
2374;10986;;0;"Размер: М | Цвят: черен"
2374;10987;;0;"Размер: L | Цвят: черен"
2374;10988;;0;"Размер: XL | Цвят: черен"
2374;10989;;0;"Цвят: черен | Размер: 2XL"
2375;11025;;0;"Цвят: зелен | Размер: S"
2375;11026;;0;"Цвят: зелен | Размер: М"
2375;11027;;0;"Цвят: зелен | Размер: L"
2375;11028;;0;"Цвят: зелен | Размер: XL"
2375;11029;;0;"Размер: 2XL | Цвят: зелен"
2376;11030;;0;"Цвят: черен | Размер: S"
2376;12915;;0;"Размер: XL | Цвят: черен"
2376;12916;;0;"Размер: 2XL | Цвят: черен"
2377;11035;;0;"Цвят: син | Размер: S"
2378;11043;;0;"Цвят: черен | Размер: XL"
2379;11049;;1;"Размер: 2XL | Цвят: светлобежов"
2380;11050;;0;"Размер: S | Цвят: черен"
2380;11051;;0;"Размер: М | Цвят: черен"
2380;11052;;0;"Цвят: черен | Размер: L"
2380;11053;;0;"Цвят: черен | Размер: XL"
2380;11054;;0;"Размер: 2XL | Цвят: черен"
2381;11056;;0;"Цвят: син | Размер: М"
2382;11060;;1;"Цвят: черен | Размер: S"
2383;11065;;5;"Размер: S | Цвят: тъмносин"
2383;11069;;0;"Цвят: тъмносин | Размер: 2XL"
2384;11070;;0;"Цвят: бял | Размер: S"
2385;11079;;0;"Цвят: черен | Размер: 2XL"
2386;11080;;0;"Цвят: черен | Размер: М"
2386;11081;;0;"Цвят: черен | Размер: L"
2386;11082;;0;"Размер: XL | Цвят: черен"
2386;11083;;0;"Цвят: черен | Размер: 2XL"
2386;11084;;0;"Размер: 3XL | Цвят: черен"
2387;11085;;0;"Цвят: тъмносин | Размер: М"
2387;11086;;0;"Размер: L | Цвят: тъмносин"
2387;11087;;0;"Размер: XL | Цвят: тъмносин"
2387;11088;;0;"Размер: 2XL | Цвят: тъмносин"
2387;11089;;1;"Размер: 3XL | Цвят: тъмносин"
2388;10990;;0;"Цвят: небесносин | Размер: М"
2388;10991;;0;"Цвят: небесносин | Размер: L"
2388;10992;;0;"Цвят: небесносин | Размер: XL"
2388;10993;;1;"Размер: 2XL | Цвят: небесносин"
2388;10994;;1;"Размер: 3XL | Цвят: небесносин"
2389;11090;;0;"Размер: М | Цвят: зелен"
2389;11091;;0;"Размер: L | Цвят: зелен"
2389;11092;;0;"Цвят: зелен | Размер: XL"
2389;11093;;0;"Размер: 2XL | Цвят: зелен"
2389;11094;;0;"Цвят: зелен | Размер: 3XL"
2390;11095;;0;"Размер: М | Цвят: черен"
2390;11096;;0;"Цвят: черен | Размер: L"
2390;11097;;0;"Цвят: черен | Размер: XL"
2390;11098;;0;"Цвят: черен | Размер: 2XL"
2390;11099;;0;"Цвят: черен | Размер: 3XL"
2391;11005;;0;"Размер: М | Цвят: тъмносин"
2391;11006;;0;"Цвят: тъмносин | Размер: L"
2391;11007;;0;"Размер: XL | Цвят: тъмносин"
2391;11008;;0;"Размер: 2XL | Цвят: тъмносин"
2391;11009;;0;"Размер: 3XL | Цвят: тъмносин"
2392;11100;;0;"Размер: М | Цвят: кафяв"
2392;11101;;0;"Размер: L | Цвят: кафяв"
2392;11102;;0;"Цвят: кафяв | Размер: XL"
2392;11103;;0;"Цвят: кафяв | Размер: 2XL"
2392;11104;;0;"Цвят: кафяв | Размер: 3XL"
2394;11105;;0;"Размер: 3XL | Цвят: черен"
2394;11106;;0;"Размер: 4XL | Цвят: черен"
2394;11107;;0;"Размер: 5XL | Цвят: черен"
2394;11108;;0;"Размер: 6XL | Цвят: черен"
2395;11197;;0;"Цвят: черен | Размер: 3XL"
2395;11198;;0;"Цвят: черен | Размер: 4XL"
2395;11199;;0;"Размер: 5XL | Цвят: черен"
2395;11200;;0;"Размер: 6XL | Цвят: черен"
2396;11109;;0;"Цвят: бял | Размер: S"
2396;11110;;0;"Размер: М | Цвят: бял"
2396;11111;;0;"Размер: L | Цвят: бял"
2396;11112;;0;"Размер: XL | Цвят: бял"
2396;11113;;0;"Размер: 2XL | Цвят: бял"
2397;11114;;0;"Цвят: черен | Размер: М"
2397;11115;;0;"Цвят: черен | Размер: L"
2397;11116;;0;"Цвят: черен | Размер: XL"
2397;11117;;0;"Цвят: черен | Размер: 2XL"
2397;11118;;0;"Размер: 3XL | Цвят: черен"
2398;11119;;0;"Цвят: черен | Размер: М"
2398;11120;;0;"Цвят: черен | Размер: L"
2398;11121;;0;"Цвят: черен | Размер: XL"
2398;11122;;0;"Цвят: черен | Размер: 2XL"
2398;11123;;0;"Цвят: черен | Размер: 3XL"
2399;11141;;0;"Цвят: бял | Размер: М"
2399;11142;;0;"Размер: L | Цвят: бял"
2399;11143;;0;"Размер: XL | Цвят: бял"
2399;11144;;0;"Размер: 2XL | Цвят: бял"
2399;11664;;1;"Цвят: бял | Размер: 3XL"
2400;11148;;0;"Размер: М | Цвят: черен"
2400;11149;;0;"Размер: L | Цвят: черен"
2400;11150;;0;"Размер: XL | Цвят: черен"
2400;11151;;0;"Размер: 2XL | Цвят: черен"
2400;11665;;0;"Цвят: черен | Размер: 3XL"
2401;11152;;0;"Цвят: бял | Размер: S"
2401;11153;;0;"Размер: М | Цвят: бял"
2401;11154;;0;"Размер: L | Цвят: бял"
2401;11155;;1;"Размер: XL | Цвят: бял"
2401;11156;;0;"Размер: 2XL | Цвят: бял"
2402;11157;;0;"Цвят: черен | Размер: S"
2402;11158;;0;"Размер: М | Цвят: черен"
2402;11159;;0;"Цвят: черен | Размер: L"
2402;11160;;0;"Цвят: черен | Размер: XL"
2402;11161;;0;"Цвят: черен | Размер: 2XL"
2403;11162;;0;"Размер: S | Цвят: бял"
2403;11163;;0;"Размер: М | Цвят: бял"
2403;11164;;0;"Цвят: бял | Размер: L"
2403;11165;;0;"Цвят: бял | Размер: XL"
2403;11166;;1;"Цвят: бял | Размер: 2XL"
2404;11167;;0;"Размер: S | Цвят: черен"
2404;11168;;0;"Размер: М | Цвят: черен"
2404;11169;;0;"Цвят: черен | Размер: L"
2404;11170;;0;"Размер: XL | Цвят: черен"
2404;11171;;0;"Размер: 2XL | Цвят: черен"
2405;11172;;0;"Цвят: черен | Размер: S"
2405;11173;;0;"Цвят: черен | Размер: М"
2405;11174;;0;"Цвят: черен | Размер: L"
2405;11175;;0;"Цвят: черен | Размер: XL"
2405;11176;;0;"Цвят: черен | Размер: 2XL"
2406;11177;;1;"Размер: S | Цвят: черен"
2407;11182;;0;"Размер: S | Цвят: черен"
2408;11187;;1;"Цвят: бял | Размер: S"
2408;11189;;2;"Цвят: бял | Размер: L"
2408;11191;;1;"Цвят: бял | Размер: 2XL"
2409;11192;;1;"Размер: S | Цвят: черен"
2409;11194;;0;"Цвят: черен | Размер: L"
2409;11195;;1;"Размер: XL | Цвят: черен"
2410;11124;;0;"Цвят: бял | Размер: S"
2410;11125;;0;"Цвят: бял | Размер: М"
2410;11126;;0;"Цвят: бял | Размер: L"
2410;11127;;0;"Размер: XL | Цвят: бял"
2410;11128;;0;"Цвят: бял | Размер: 2XL"
2412;11201;;0;"Цвят: бял | Размер: S"
2414;11206;;0;"Размер: S | Цвят: черен"
2414;11207;;0;"Размер: М | Цвят: черен"
2414;11208;;0;"Цвят: черен | Размер: L"
2414;11209;;0;"Цвят: черен | Размер: XL"
2414;11210;;0;"Размер: 2XL | Цвят: черен"
2415;11211;;0;"Размер: S | Цвят: черен"
2415;11212;;0;"Цвят: черен | Размер: М"
2415;11213;;0;"Размер: L | Цвят: черен"
2415;11214;;0;"Размер: XL | Цвят: черен"
2415;11215;;0;"Размер: 2XL | Цвят: черен"
2416;11216;;1;"Размер: S | Цвят: бял"
2416;11219;;1;"Цвят: бял | Размер: XL"
2416;11220;;0;"Цвят: бял | Размер: 2XL"
2417;11221;;0;"Цвят: черен | Размер: S"
2418;11226;;0;"Цвят: черен | Размер: S"
2418;11227;;0;"Размер: М | Цвят: черен"
2418;11228;;0;"Цвят: черен | Размер: L"
2418;11229;;0;"Цвят: черен | Размер: XL"
2418;11230;;0;"Размер: 2XL | Цвят: черен"
2419;11231;;0;"Размер: S | Цвят: черен"
2419;11232;;0;"Размер: М | Цвят: черен"
2419;11233;;0;"Цвят: черен | Размер: L"
2419;11234;;0;"Цвят: черен | Размер: XL"
2419;11235;;0;"Цвят: черен | Размер: 2XL"
2420;11236;;0;"Цвят: черен | Размер: S"
2420;11237;;0;"Размер: М | Цвят: черен"
2420;11238;;0;"Цвят: черен | Размер: L"
2420;11239;;0;"Цвят: черен | Размер: XL"
2420;11240;;1;"Размер: 2XL | Цвят: черен"
2421;11241;;0;"Цвят: черен | Размер: S"
2421;11242;;0;"Цвят: черен | Размер: М"
2421;11243;;1;"Цвят: черен | Размер: L"
2421;11244;;1;"Цвят: черен | Размер: XL"
2421;11245;;0;"Цвят: черен | Размер: 2XL"
2422;11246;;0;"Размер: S | Цвят: бял"
2422;11247;;0;"Цвят: бял | Размер: М"
2422;11248;;0;"Цвят: бял | Размер: L"
2422;11249;;0;"Размер: XL | Цвят: бял"
2422;11250;;0;"Цвят: бял | Размер: 2XL"
2423;11251;;0;"Размер: S | Цвят: черен"
2423;11252;;0;"Размер: М | Цвят: черен"
2423;11253;;0;"Размер: L | Цвят: черен"
2423;11254;;0;"Цвят: черен | Размер: XL"
2423;11255;;0;"Размер: 2XL | Цвят: черен"
2424;11256;;0;"Размер: S | Цвят: черен"
2424;11257;;0;"Цвят: черен | Размер: М"
2424;11258;;0;"Размер: L | Цвят: черен"
2424;11259;;0;"Размер: XL | Цвят: черен"
2424;11260;;0;"Размер: 2XL | Цвят: черен"
2425;11261;;0;"Размер: S | Цвят: черен"
2425;11262;;0;"Цвят: черен | Размер: М"
2425;11263;;0;"Цвят: черен | Размер: L"
2425;11264;;0;"Цвят: черен | Размер: XL"
2425;11265;;0;"Размер: 2XL | Цвят: черен"
2426;11266;;0;"Размер: S | Цвят: бял"
2426;11267;;0;"Цвят: бял | Размер: М"
2426;11268;;0;"Цвят: бял | Размер: L"
2426;11269;;0;"Цвят: бял | Размер: XL"
2426;11270;;0;"Размер: 2XL | Цвят: бял"
2427;11271;;0;"Цвят: черен | Размер: S"
2427;11272;;0;"Размер: М | Цвят: черен"
2427;11273;;0;"Размер: L | Цвят: черен"
2427;11274;;0;"Размер: XL | Цвят: черен"
2427;11275;;0;"Цвят: черен | Размер: 2XL"
2428;11276;;0;"Цвят: бял | Размер: S"
2428;11277;;0;"Размер: М | Цвят: бял"
2428;11278;;0;"Размер: L | Цвят: бял"
2428;11279;;0;"Размер: XL | Цвят: бял"
2428;11280;;0;"Цвят: бял | Размер: 2XL"
2429;11281;;0;"Цвят: тъмносин | Размер: S"
2429;11282;;0;"Размер: М | Цвят: тъмносин"
2429;11283;;0;"Цвят: тъмносин | Размер: L"
2429;11284;;0;"Цвят: тъмносин | Размер: XL"
2429;11285;;0;"Цвят: тъмносин | Размер: 2XL"
2430;11286;;0;"Размер: S | Цвят: син"
2430;11287;;0;"Цвят: син | Размер: М"
2430;11288;;0;"Цвят: син | Размер: L"
2430;11289;;0;"Размер: XL | Цвят: син"
2430;11290;;0;"Размер: 2XL | Цвят: син"
2431;11291;;0;"Размер: S | Цвят:  сив "
2431;11292;;0;"Размер: М | Цвят:  сив "
2431;11293;;0;"Размер: L | Цвят:  сив "
2431;11294;;0;"Цвят:  сив  | Размер: XL"
2431;11295;;0;"Размер: 2XL | Цвят:  сив "
2432;11296;;1;"Цвят: черен | Размер: S"
2432;11299;;0;"Размер: XL | Цвят: черен"
2432;11300;;0;"Размер: 2XL | Цвят: черен"
2433;11301;;1;"Цвят: тъмносин | Размер: S"
2433;11304;;0;"Размер: XL | Цвят: тъмносин"
2434;11306;;0;"Цвят: черен | Размер: S"
2434;11307;;0;"Цвят: черен | Размер: М"
2434;11308;;0;"Размер: L | Цвят: черен"
2434;11309;;0;"Размер: XL | Цвят: черен"
2434;11310;;0;"Цвят: черен | Размер: 2XL"
2435;11311;;0;"Цвят: черен | Размер: S"
2435;11312;;0;"Цвят: черен | Размер: М"
2435;11313;;0;"Размер: L | Цвят: черен"
2435;11314;;0;"Цвят: черен | Размер: XL"
2435;11315;;0;"Размер: 2XL | Цвят: черен"
2436;11316;;0;"Цвят: черен | Размер: S"
2437;11321;;0;"Цвят: черен | Размер: S"
2437;11322;;0;"Цвят: черен | Размер: М"
2437;11323;;0;"Цвят: черен | Размер: L"
2437;11324;;0;"Цвят: черен | Размер: XL"
2437;11325;;0;"Цвят: черен | Размер: 2XL"
2438;11328;;0;"Размер: L | Цвят: червен"
2438;11329;;0;"Цвят: червен | Размер: XL"
2438;11330;;0;"Размер: 2XL | Цвят: червен"
2439;11331;;1;"Размер: S | Цвят: черен"
2440;11339;;0;"Размер: XL | Цвят: светлобежов"
2441;11341;;0;"Размер: S | Цвят: черен"
2441;11342;;0;"Размер: М | Цвят: черен"
2441;11343;;0;"Размер: L | Цвят: черен"
2441;11344;;0;"Цвят: черен | Размер: XL"
2441;11345;;0;"Цвят: черен | Размер: 2XL"
2442;11346;;0;"Цвят: бял | Размер: М"
2442;11347;;0;"Цвят: бял | Размер: L"
2442;11348;;0;"Размер: XL | Цвят: бял"
2442;11349;;0;"Цвят: бял | Размер: 2XL"
2442;11350;;0;"Размер: 3XL | Цвят: бял"
2443;11351;;0;"Цвят: черен | Размер: М"
2443;11352;;0;"Цвят: черен | Размер: L"
2443;11353;;0;"Размер: XL | Цвят: черен"
2443;11354;;0;"Размер: 2XL | Цвят: черен"
2443;11355;;0;"Размер: 3XL | Цвят: черен"
2444;11376;;0;"Размер: М | Цвят: кафяв"
2444;11377;;0;"Цвят: кафяв | Размер: L"
2444;11378;;0;"Размер: XL | Цвят: кафяв"
2444;11379;;0;"Размер: 2XL | Цвят: кафяв"
2444;11380;;0;"Размер: 3XL | Цвят: кафяв"
2445;11356;;0;"Размер: S | Цвят: бял"
2445;11357;;0;"Размер: М | Цвят: бял"
2445;11358;;0;"Размер: L | Цвят: бял"
2445;11359;;0;"Цвят: бял | Размер: XL"
2445;11360;;0;"Размер: 2XL | Цвят: бял"
2446;11361;;0;"Размер: S | Цвят: черен"
2446;11362;;0;"Цвят: черен | Размер: М"
2446;11363;;0;"Размер: L | Цвят: черен"
2446;11364;;0;"Цвят: черен | Размер: XL"
2446;11365;;0;"Размер: 2XL | Цвят: черен"
2447;11366;;0;"Цвят: бял | Размер: S"
2447;11367;;0;"Цвят: бял | Размер: М"
2447;11368;;0;"Размер: L | Цвят: бял"
2447;11369;;0;"Размер: XL | Цвят: бял"
2447;11370;;0;"Размер: 2XL | Цвят: бял"
2448;11371;;0;"Цвят: черен | Размер: S"
2448;11372;;0;"Цвят: черен | Размер: М"
2448;11373;;0;"Размер: L | Цвят: черен"
2448;11374;;0;"Размер: XL | Цвят: черен"
2448;11375;;0;"Цвят: черен | Размер: 2XL"
2449;11381;;0;"Цвят: бял | Размер: S"
2449;11382;;0;"Размер: М | Цвят: бял"
2449;11383;;0;"Цвят: бял | Размер: L"
2449;11384;;0;"Размер: XL | Цвят: бял"
2449;11385;;0;"Цвят: бял | Размер: 2XL"
2450;11386;;0;"Цвят: черен | Размер: S"
2450;11387;;0;"Размер: М | Цвят: черен"
2450;11388;;0;"Цвят: черен | Размер: L"
2450;11389;;0;"Размер: XL | Цвят: черен"
2450;11390;;0;"Цвят: черен | Размер: 2XL"
2451;11391;;0;"Размер: S | Цвят: бял"
2451;11392;;0;"Размер: М | Цвят: бял"
2451;11393;;0;"Размер: L | Цвят: бял"
2451;11394;;0;"Цвят: бял | Размер: XL"
2451;11395;;0;"Размер: 2XL | Цвят: бял"
2452;11396;;0;"Размер: S | Цвят: черен"
2452;11397;;0;"Размер: М | Цвят: черен"
2452;11398;;0;"Размер: L | Цвят: черен"
2452;11399;;0;"Цвят: черен | Размер: XL"
2452;11400;;0;"Размер: 2XL | Цвят: черен"
2453;11401;;0;"Размер: S | Цвят: бял"
2453;11402;;0;"Цвят: бял | Размер: М"
2453;11403;;0;"Размер: L | Цвят: бял"
2453;11404;;0;"Размер: XL | Цвят: бял"
2453;11405;;1;"Размер: 2XL | Цвят: бял"
2454;11406;;0;"Размер: S | Цвят: черен"
2454;11407;;0;"Цвят: черен | Размер: М"
2454;11408;;0;"Размер: L | Цвят: черен"
2454;11409;;0;"Цвят: черен | Размер: XL"
2454;11410;;1;"Размер: 2XL | Цвят: черен"
2455;11411;;0;"Размер: S | Цвят: бял"
2455;11412;;0;"Цвят: бял | Размер: М"
2455;11413;;0;"Цвят: бял | Размер: L"
2455;11414;;0;"Цвят: бял | Размер: XL"
2455;11415;;0;"Цвят: бял | Размер: 2XL"
2456;11416;;0;"Цвят: черен | Размер: S"
2456;11417;;0;"Размер: М | Цвят: черен"
2456;11418;;0;"Цвят: черен | Размер: L"
2456;11419;;0;"Размер: XL | Цвят: черен"
2456;11420;;0;"Цвят: черен | Размер: 2XL"
2457;11421;;0;"Цвят: бял | Размер: S"
2457;11422;;0;"Размер: М | Цвят: бял"
2457;11423;;0;"Размер: L | Цвят: бял"
2457;11424;;0;"Размер: XL | Цвят: бял"
2457;11425;;0;"Цвят: бял | Размер: 2XL"
2458;11426;;0;"Цвят: черен | Размер: S"
2458;11427;;0;"Размер: М | Цвят: черен"
2458;11428;;0;"Размер: L | Цвят: черен"
2458;11429;;0;"Цвят: черен | Размер: XL"
2458;11430;;0;"Цвят: черен | Размер: 2XL"
2459;11431;;0;"Размер: S | Цвят: бял"
2459;11432;;0;"Цвят: бял | Размер: М"
2459;11433;;0;"Цвят: бял | Размер: L"
2459;11434;;0;"Размер: XL | Цвят: бял"
2459;11435;;0;"Размер: 2XL | Цвят: бял"
2460;11436;;0;"Размер: S | Цвят: черен"
2460;11437;;0;"Цвят: черен | Размер: М"
2460;11438;;0;"Размер: L | Цвят: черен"
2460;11439;;0;"Размер: XL | Цвят: черен"
2461;11440;;0;"Размер: S | Цвят: бял"
2461;11441;;0;"Размер: М | Цвят: бял"
2461;11442;;0;"Цвят: бял | Размер: L"
2461;11443;;0;"Цвят: бял | Размер: XL"
2462;11444;;0;"Размер: S | Цвят: черен"
2462;11445;;0;"Размер: М | Цвят: черен"
2462;11446;;0;"Цвят: черен | Размер: L"
2462;11447;;0;"Цвят: черен | Размер: XL"
2462;11448;;0;"Размер: 2XL | Цвят: черен"
2463;11449;;0;"Цвят: черен | Размер: S"
2463;11450;;0;"Цвят: черен | Размер: М"
2463;11451;;0;"Размер: L | Цвят: черен"
2463;11452;;0;"Цвят: черен | Размер: XL"
2463;11453;;0;"Размер: 2XL | Цвят: черен"
2464;11454;;0;"Цвят: черен | Размер: S"
2464;11455;;0;"Размер: М | Цвят: черен"
2464;11456;;0;"Цвят: черен | Размер: L"
2464;11457;;0;"Размер: XL | Цвят: черен"
2464;11458;;0;"Размер: 2XL | Цвят: черен"
2465;11459;;0;"Цвят: черен | Размер: S"
2465;11460;;0;"Размер: М | Цвят: черен"
2465;11461;;0;"Размер: L | Цвят: черен"
2465;11462;;0;"Цвят: черен | Размер: XL"
2465;11463;;0;"Цвят: черен | Размер: 2XL"
2466;11464;;0;"Цвят: черен | Размер: S"
2466;11465;;0;"Размер: М | Цвят: черен"
2466;11466;;0;"Цвят: черен | Размер: L"
2466;11467;;0;"Размер: XL | Цвят: черен"
2466;11468;;0;"Размер: 2XL | Цвят: черен"
2467;11469;;0;"Размер: S | Цвят: бял"
2467;11470;;0;"Размер: М | Цвят: бял"
2467;11471;;0;"Цвят: бял | Размер: L"
2467;11472;;0;"Размер: XL | Цвят: бял"
2467;11473;;0;"Цвят: бял | Размер: 2XL"
2468;11474;;0;"Размер: S | Цвят: червен"
2468;11475;;0;"Цвят: червен | Размер: М"
2468;11476;;0;"Размер: L | Цвят: червен"
2468;11477;;0;"Цвят: червен | Размер: XL"
2468;11478;;0;"Цвят: червен | Размер: 2XL"
2469;11479;;0;"Размер: S | Цвят: черен"
2469;11480;;0;"Цвят: черен | Размер: М"
2469;11481;;0;"Размер: L | Цвят: черен"
2469;11482;;0;"Цвят: черен | Размер: XL"
2469;11483;;0;"Размер: 2XL | Цвят: черен"
2470;11484;;0;"Цвят: тъмнозелен | Размер: S"
2470;11485;;0;"Цвят: тъмнозелен | Размер: М"
2470;11486;;0;"Размер: L | Цвят: тъмнозелен"
2470;11487;;0;"Цвят: тъмнозелен | Размер: XL"
2470;11488;;0;"Размер: 2XL | Цвят: тъмнозелен"
2471;11489;;0;"Размер: S | Цвят: черен"
2471;11490;;0;"Цвят: черен | Размер: М"
2471;11491;;0;"Размер: L | Цвят: черен"
2471;11492;;0;"Цвят: черен | Размер: XL"
2471;11493;;0;"Цвят: черен | Размер: 2XL"
2472;11494;;1;"Размер: S | Цвят: бял"
2472;11495;;0;"Размер: М | Цвят: бял"
2472;11496;;0;"Цвят: бял | Размер: L"
2472;11497;;0;"Размер: XL | Цвят: бял"
2472;11498;;0;"Цвят: бял | Размер: 2XL"
2473;11499;;3;"Цвят: черен | Размер: S"
2473;11500;;0;"Размер: М | Цвят: черен"
2473;11501;;0;"Цвят: черен | Размер: L"
2473;11502;;0;"Размер: XL | Цвят: черен"
2473;11503;;2;"Размер: 2XL | Цвят: черен"
2474;11504;;0;"Цвят: черен | Размер: S"
2474;11505;;0;"Размер: М | Цвят: черен"
2474;11506;;0;"Цвят: черен | Размер: L"
2474;11507;;0;"Цвят: черен | Размер: XL"
2474;11508;;0;"Цвят: черен | Размер: 2XL"
2475;11509;;0;"Размер: S | Цвят: черен"
2475;11510;;0;"Размер: М | Цвят: черен"
2475;11511;;0;"Цвят: черен | Размер: L"
2475;11512;;0;"Размер: XL | Цвят: черен"
2475;11513;;0;"Размер: 2XL | Цвят: черен"
2476;11514;;1;"Цвят: черен | Размер: S"
2476;11515;;1;"Цвят: черен | Размер: М"
2476;11516;;0;"Размер: L | Цвят: черен"
2476;11517;;0;"Цвят: черен | Размер: XL"
2476;11518;;0;"Цвят: черен | Размер: 2XL"
2477;11519;;0;"Размер: S | Цвят: бял"
2477;11520;;0;"Размер: М | Цвят: бял"
2477;11521;;0;"Размер: L | Цвят: бял"
2477;11522;;0;"Размер: XL | Цвят: бял"
2477;11523;;1;"Цвят: бял | Размер: 2XL"
2478;11524;;0;"Размер: S | Цвят: черен"
2478;11525;;0;"Цвят: черен | Размер: М"
2478;11526;;0;"Размер: L | Цвят: черен"
2478;11527;;1;"Цвят: черен | Размер: XL"
2478;11528;;1;"Цвят: черен | Размер: 2XL"
2479;11529;;1;"Цвят: черен | Размер: S"
2479;11530;;0;"Цвят: черен | Размер: М"
2479;11531;;0;"Размер: L | Цвят: черен"
2479;11532;;0;"Цвят: черен | Размер: XL"
2479;11533;;0;"Размер: 2XL | Цвят: черен"
2480;11534;;0;"Размер: S | Цвят: черен"
2480;11535;;0;"Размер: М | Цвят: черен"
2480;11536;;0;"Цвят: черен | Размер: L"
2480;11537;;0;"Размер: XL | Цвят: черен"
2480;11538;;0;"Цвят: черен | Размер: 2XL"
2481;11539;;0;"Цвят: черен | Размер: S"
2481;11540;;0;"Размер: М | Цвят: черен"
2481;11541;;0;"Размер: L | Цвят: черен"
2481;11542;;0;"Размер: XL | Цвят: черен"
2481;11543;;0;"Цвят: черен | Размер: 2XL"
2482;11544;;0;"Цвят: черен | Размер: S"
2482;11545;;0;"Размер: М | Цвят: черен"
2482;11546;;0;"Цвят: черен | Размер: L"
2482;11547;;0;"Размер: XL | Цвят: черен"
2482;11548;;1;"Размер: 2XL | Цвят: черен"
2483;11549;;0;"Размер: S | Цвят: черен"
2483;11550;;0;"Размер: М | Цвят: черен"
2483;11551;;0;"Цвят: черен | Размер: L"
2483;11552;;0;"Цвят: черен | Размер: XL"
2483;11553;;0;"Цвят: черен | Размер: 2XL"
2484;11554;;2;"Размер: S | Цвят: черен"
2484;11555;;0;"Цвят: черен | Размер: М"
2484;11556;;0;"Размер: L | Цвят: черен"
2484;11557;;0;"Размер: XL | Цвят: черен"
2484;11558;;0;"Размер: 2XL | Цвят: черен"
2485;11559;;0;"Цвят: черен | Размер: S"
2485;11560;;0;"Цвят: черен | Размер: М"
2485;11561;;0;"Размер: L | Цвят: черен"
2485;11562;;0;"Цвят: черен | Размер: XL"
2485;11563;;0;"Размер: 2XL | Цвят: черен"
2486;11564;;0;"Цвят: бял | Размер: S"
2486;11565;;0;"Цвят: бял | Размер: М"
2486;11566;;0;"Размер: L | Цвят: бял"
2486;11567;;0;"Цвят: бял | Размер: XL"
2486;11568;;0;"Размер: 2XL | Цвят: бял"
2487;11569;;0;"Размер: S | Цвят: черен"
2487;11570;;0;"Цвят: черен | Размер: М"
2487;11571;;0;"Размер: L | Цвят: черен"
2487;11572;;0;"Цвят: черен | Размер: XL"
2487;11573;;0;"Цвят: черен | Размер: 2XL"
2488;11574;;0;"Цвят: черен | Размер: S"
2488;11575;;0;"Размер: М | Цвят: черен"
2488;11576;;0;"Размер: L | Цвят: черен"
2488;11577;;0;"Размер: XL | Цвят: черен"
2488;11578;;0;"Размер: 2XL | Цвят: черен"
2489;11579;;0;"Размер: S | Цвят: бял"
2489;11580;;0;"Размер: М | Цвят: бял"
2489;11581;;0;"Цвят: бял | Размер: L"
2489;11582;;0;"Цвят: бял | Размер: XL"
2489;11583;;0;"Цвят: бял | Размер: 2XL"
2490;11584;;0;"Размер: S | Цвят: черен"
2490;11585;;0;"Цвят: черен | Размер: М"
2490;11586;;0;"Цвят: черен | Размер: L"
2490;11587;;0;"Цвят: черен | Размер: XL"
2490;11588;;0;"Цвят: черен | Размер: 2XL"
2491;11659;;1;"Цвят: черен | Размер: S"
2491;11660;;0;"Цвят: черен | Размер: М"
2491;11661;;0;"Размер: L | Цвят: черен"
2491;11662;;0;"Цвят: черен | Размер: XL"
2491;11663;;0;"Размер: 2XL | Цвят: черен"
2492;11594;;0;"Размер: S | Цвят: черен"
2492;11595;;0;"Размер: М | Цвят: черен"
2492;11596;;0;"Цвят: черен | Размер: L"
2492;11597;;0;"Размер: XL | Цвят: черен"
2492;11598;;0;"Цвят: черен | Размер: 2XL"
2494;11599;;0;"Размер: S | Цвят: черен"
2494;11600;;0;"Цвят: черен | Размер: М"
2494;11601;;0;"Размер: L | Цвят: черен"
2494;11602;;0;"Размер: XL | Цвят: черен"
2494;11603;;0;"Цвят: черен | Размер: 2XL"
2495;11639;;0;"Размер: S | Цвят: черен"
2495;11640;;0;"Размер: М | Цвят: черен"
2495;11641;;0;"Размер: L | Цвят: черен"
2495;11642;;0;"Размер: XL | Цвят: черен"
2495;11643;;0;"Цвят: черен | Размер: 2XL"
2496;11604;;0;"Размер: S | Цвят: черен"
2496;11605;;0;"Размер: М | Цвят: черен"
2496;11606;;0;"Цвят: черен | Размер: L"
2496;11607;;0;"Цвят: черен | Размер: XL"
2496;11608;;0;"Размер: 2XL | Цвят: черен"
2497;11609;;0;"Размер: S | Цвят: черен"
2497;11610;;0;"Цвят: черен | Размер: М"
2497;11611;;0;"Размер: L | Цвят: черен"
2497;11612;;0;"Размер: XL | Цвят: черен"
2497;11613;;0;"Размер: 2XL | Цвят: черен"
2498;11614;;0;"Цвят: черен | Размер: S"
2498;11615;;0;"Цвят: черен | Размер: М"
2498;11616;;0;"Цвят: черен | Размер: L"
2498;11617;;1;"Цвят: черен | Размер: XL"
2498;11618;;1;"Размер: 2XL | Цвят: черен"
2499;11619;;0;"Цвят: черен | Размер: S"
2499;11620;;0;"Размер: М | Цвят: черен"
2499;11621;;0;"Размер: L | Цвят: черен"
2499;11622;;0;"Цвят: черен | Размер: XL"
2499;11623;;0;"Цвят: черен | Размер: 2XL"
2500;11649;;0;"Размер: S | Цвят: черен"
2500;11650;;0;"Размер: М | Цвят: черен"
2500;11651;;0;"Цвят: черен | Размер: L"
2500;11652;;0;"Цвят: черен | Размер: XL"
2500;11653;;0;"Размер: 2XL | Цвят: черен"
2501;11644;;1;"Цвят: черен | Размер: S"
2501;11645;;0;"Цвят: черен | Размер: М"
2501;11646;;0;"Размер: L | Цвят: черен"
2501;11647;;0;"Цвят: черен | Размер: XL"
2501;11648;;0;"Размер: 2XL | Цвят: черен"
2503;11624;;0;"Цвят: черен | Размер: S"
2503;11625;;0;"Размер: М | Цвят: черен"
2503;11626;;0;"Цвят: черен | Размер: L"
2503;11627;;0;"Размер: XL | Цвят: черен"
2503;11628;;0;"Размер: 2XL | Цвят: черен"
2504;11629;;0;"Цвят: бял | Размер: S"
2504;11630;;0;"Размер: М | Цвят: бял"
2504;11631;;0;"Цвят: бял | Размер: L"
2504;11632;;0;"Размер: XL | Цвят: бял"
2504;11633;;0;"Размер: 2XL | Цвят: бял"
2505;11634;;0;"Размер: S | Цвят: черен"
2505;11635;;0;"Цвят: черен | Размер: М"
2505;11636;;0;"Цвят: черен | Размер: L"
2505;11637;;0;"Цвят: черен | Размер: XL"
2505;11638;;0;"Цвят: черен | Размер: 2XL"
2506;11666;;0;"Размер: М | Цвят: тъмнобордо"
2506;11667;;1;"Цвят: тъмнобордо | Размер: L"
2506;11668;;0;"Размер: XL | Цвят: тъмнобордо"
2506;11669;;0;"Размер: 2XL | Цвят: тъмнобордо"
2507;11670;;0;"Цвят: син | Размер: М"
2507;11671;;0;"Цвят: син | Размер: L"
2507;11672;;0;"Размер: XL | Цвят: син"
2507;11673;;0;"Цвят: син | Размер: 2XL"
2508;11674;;0;"Размер: М | Цвят:  сив "
2508;11675;;0;"Цвят:  сив  | Размер: L"
2508;11676;;0;"Размер: XL | Цвят:  сив "
2508;11677;;0;"Размер: 2XL | Цвят:  сив "
2509;11678;;0;"Цвят: черен | Размер: М"
2509;11679;;0;"Цвят: черен | Размер: L"
2509;11680;;0;"Размер: XL | Цвят: черен"
2509;11681;;0;"Цвят: черен | Размер: 2XL"
2510;11682;;0;"Размер: М | Цвят: индиго"
2510;11683;;0;"Размер: L | Цвят: индиго"
2510;11684;;0;"Цвят: индиго | Размер: XL"
2510;11685;;0;"Цвят: индиго | Размер: 2XL"
2511;11686;;0;"Цвят: син | Размер: М"
2511;11687;;0;"Размер: L | Цвят: син"
2511;11688;;0;"Размер: XL | Цвят: син"
2511;11689;;0;"Размер: 2XL | Цвят: син"
2512;11690;;0;"Размер: S | Цвят: черен"
2512;11691;;0;"Размер: М | Цвят: черен"
2512;11692;;0;"Размер: L | Цвят: черен"
2512;11693;;0;"Цвят: черен | Размер: XL"
2512;11694;;0;"Размер: 2XL | Цвят: черен"
2513;11695;;0;"Цвят: черен | Размер: М"
2513;11696;;0;"Размер: L | Цвят: черен"
2513;11697;;0;"Цвят: черен | Размер: XL"
2513;11698;;0;"Размер: 2XL | Цвят: черен"
2513;11699;;0;"Размер: 3XL | Цвят: черен"
2514;11700;;0;"Размер: М | Цвят: черен"
2514;11701;;0;"Цвят: черен | Размер: L"
2514;11702;;0;"Размер: XL | Цвят: черен"
2514;11703;;0;"Цвят: черен | Размер: 2XL"
2514;11704;;0;"Размер: 3XL | Цвят: черен"
2515;11705;;0;"Размер: М | Цвят: черен"
2515;11706;;0;"Цвят: черен | Размер: L"
2515;11707;;1;"Размер: XL | Цвят: черен"
2515;11708;;0;"Размер: 2XL | Цвят: черен"
2515;11709;;1;"Цвят: черен | Размер: 3XL"
2516;11710;;0;"Цвят: черен | Размер: М"
2516;11711;;1;"Цвят: черен | Размер: L"
2516;11712;;0;"Размер: XL | Цвят: черен"
2516;11713;;0;"Цвят: черен | Размер: 2XL"
2516;11714;;0;"Размер: 3XL | Цвят: черен"
2517;11715;;0;"Размер: М | Цвят: черен"
2517;11716;;0;"Цвят: черен | Размер: L"
2517;11717;;0;"Цвят: черен | Размер: XL"
2517;11718;;0;"Цвят: черен | Размер: 2XL"
2517;11719;;0;"Цвят: черен | Размер: 3XL"
2518;11720;;0;"Цвят: черен | Размер: М"
2518;11721;;0;"Размер: L | Цвят: черен"
2518;11722;;0;"Размер: XL | Цвят: черен"
2518;11723;;0;"Цвят: черен | Размер: 2XL"
2518;11724;;0;"Размер: 3XL | Цвят: черен"
2519;11725;;0;"Цвят: корало червен | Размер: М"
2519;11726;;0;"Размер: L | Цвят: корало червен"
2519;11727;;0;"Цвят: корало червен | Размер: XL"
2519;11728;;0;"Размер: 2XL | Цвят: корало червен"
2519;11729;;0;"Цвят: корало червен | Размер: 3XL"
2520;11730;;0;"Цвят: черен | Размер: S"
2520;11731;;0;"Цвят: черен | Размер: М"
2520;11732;;0;"Цвят: черен | Размер: L"
2520;11733;;0;"Цвят: черен | Размер: XL"
2520;11734;;0;"Размер: 2XL | Цвят: черен"
2521;11735;;0;"Цвят: бял | Размер: S"
2521;11736;;0;"Цвят: бял | Размер: М"
2521;11737;;0;"Цвят: бял | Размер: L"
2521;11738;;0;"Цвят: бял | Размер: XL"
2521;11739;;0;"Размер: 2XL | Цвят: бял"
2522;11740;;0;"Размер: 3XL | Цвят: черен"
2522;11741;;0;"Цвят: черен | Размер: 4XL"
2522;11742;;0;"Размер: 5XL | Цвят: черен"
2522;11743;;0;"Цвят: черен | Размер: 6XL"
2523;11744;;0;"Размер: 3XL | Цвят: черен"
2523;11745;;0;"Цвят: черен | Размер: 4XL"
2523;11746;;0;"Цвят: черен | Размер: 5XL"
2523;11747;;0;"Размер: 6XL | Цвят: черен"
2524;11748;;0;"Размер: S | Цвят: черен"
2524;11749;;0;"Размер: М | Цвят: черен"
2524;11750;;0;"Размер: L | Цвят: черен"
2524;11751;;0;"Размер: XL | Цвят: черен"
2524;11752;;0;"Цвят: черен | Размер: 2XL"
2525;11753;;0;"Размер: М | Цвят: черен"
2525;11754;;0;"Цвят: черен | Размер: L"
2525;11755;;0;"Размер: XL | Цвят: черен"
2525;11756;;0;"Размер: 2XL | Цвят: черен"
2525;11757;;0;"Размер: 3XL | Цвят: черен"
2526;11758;;0;"Размер: М | Цвят: черен"
2526;11759;;0;"Цвят: черен | Размер: L"
2526;11760;;0;"Цвят: черен | Размер: XL"
2526;11761;;0;"Цвят: черен | Размер: 2XL"
2526;11762;;0;"Размер: 3XL | Цвят: черен"
2527;11763;;0;"Размер: S | Цвят: черен"
2527;11764;;0;"Размер: М | Цвят: черен"
2527;11765;;0;"Цвят: черен | Размер: L"
2527;11766;;0;"Размер: XL | Цвят: черен"
2527;11767;;0;"Цвят: черен | Размер: 2XL"
2528;11768;;0;"Цвят: черен | Размер: S"
2528;11769;;0;"Цвят: черен | Размер: М"
2528;11770;;0;"Размер: L | Цвят: черен"
2528;11771;;0;"Цвят: черен | Размер: XL"
2528;11772;;0;"Цвят: черен | Размер: 2XL"
2529;11773;;1;"Размер: 3XL | Цвят: черен"
2529;11774;;0;"Размер: 4XL | Цвят: черен"
2529;11775;;1;"Цвят: черен | Размер: 5XL"
2529;11776;;0;"Цвят: черен | Размер: 6XL"
2530;11777;;0;"Цвят: черен | Размер: М"
2530;11778;;0;"Размер: L | Цвят: черен"
2530;11779;;0;"Цвят: черен | Размер: XL"
2530;11780;;0;"Размер: 2XL | Цвят: черен"
2531;11781;;0;"Цвят: черен | Размер: М"
2531;11782;;1;"Размер: L | Цвят: черен"
2531;11783;;0;"Цвят: черен | Размер: XL"
2531;11784;;1;"Цвят: черен | Размер: 2XL"
2532;11785;;0;"Цвят: черен | Размер: S"
2532;11786;;0;"Цвят: черен | Размер: М"
2532;11787;;0;"Размер: L | Цвят: черен"
2532;11788;;0;"Цвят: черен | Размер: XL"
2532;11789;;0;"Размер: 2XL | Цвят: черен"
2533;11790;;0;"Размер: S | Цвят: черен"
2533;11791;;0;"Размер: М | Цвят: черен"
2533;11792;;0;"Цвят: черен | Размер: L"
2533;11793;;0;"Размер: XL | Цвят: черен"
2533;11794;;0;"Цвят: черен | Размер: 2XL"
2534;11795;;0;"Цвят: черен | Размер: S"
2534;11796;;0;"Размер: М | Цвят: черен"
2534;11797;;0;"Размер: L | Цвят: черен"
2534;11798;;0;"Размер: XL | Цвят: черен"
2534;11799;;0;"Цвят: черен | Размер: 2XL"
2535;11800;;0;"Цвят: черен | Размер: S"
2535;11801;;0;"Размер: М | Цвят: черен"
2535;11802;;0;"Цвят: черен | Размер: L"
2535;11803;;0;"Размер: XL | Цвят: черен"
2535;11804;;0;"Цвят: черен | Размер: 2XL"
2536;11805;;0;"Цвят: бял | Размер: S"
2536;11806;;0;"Размер: М | Цвят: бял"
2536;11807;;0;"Цвят: бял | Размер: L"
2536;11808;;3;"Цвят: бял | Размер: XL"
2536;11809;;0;"Цвят: бял | Размер: 2XL"
2537;11810;;0;"Размер: S | Цвят: черен"
2537;11811;;0;"Размер: М | Цвят: черен"
2537;11812;;0;"Размер: L | Цвят: черен"
2537;11813;;0;"Цвят: черен | Размер: XL"
2537;11814;;0;"Цвят: черен | Размер: 2XL"
2538;11815;;0;"Размер: S | Цвят: черен"
2538;11816;;0;"Цвят: черен | Размер: М"
2538;11817;;0;"Размер: L | Цвят: черен"
2538;11818;;0;"Размер: XL | Цвят: черен"
2538;11819;;0;"Размер: 2XL | Цвят: черен"
2539;11820;;0;"Размер: S | Цвят: бял"
2539;11821;;0;"Цвят: бял | Размер: М"
2539;11822;;0;"Размер: L | Цвят: бял"
2539;11823;;1;"Цвят: бял | Размер: XL"
2539;11824;;1;"Размер: 2XL | Цвят: бял"
2540;11825;;0;"Цвят: черен | Размер: S"
2540;11826;;0;"Цвят: черен | Размер: М"
2540;11827;;0;"Цвят: черен | Размер: L"
2540;11828;;0;"Цвят: черен | Размер: XL"
2540;11829;;0;"Размер: 2XL | Цвят: черен"
2541;11830;;0;"Цвят: бял | Размер: S"
2541;11831;;0;"Размер: М | Цвят: бял"
2541;11832;;0;"Цвят: бял | Размер: L"
2541;11833;;0;"Размер: XL | Цвят: бял"
2541;11834;;0;"Размер: 2XL | Цвят: бял"
2542;11835;;0;"Цвят: черен | Размер: S"
2542;11836;;0;"Размер: М | Цвят: черен"
2542;11837;;0;"Размер: L | Цвят: черен"
2542;11838;;0;"Цвят: черен | Размер: XL"
2542;11839;;0;"Цвят: черен | Размер: 2XL"
2543;11840;;0;"Цвят: черен | Размер: S"
2543;11841;;0;"Размер: М | Цвят: черен"
2543;11842;;0;"Цвят: черен | Размер: L"
2543;11843;;0;"Размер: XL | Цвят: черен"
2543;11844;;0;"Размер: 2XL | Цвят: черен"
2544;11845;;2;"Цвят: черен | Размер: S"
2544;11846;;0;"Цвят: черен | Размер: М"
2544;11847;;1;"Цвят: черен | Размер: L"
2544;11848;;1;"Цвят: черен | Размер: XL"
2544;11849;;0;"Цвят: черен | Размер: 2XL"
2545;11905;;3;"Размер: S | Цвят: черен"
2545;11906;;0;"Размер: М | Цвят: черен"
2545;11907;;0;"Цвят: черен | Размер: L"
2545;11908;;0;"Цвят: черен | Размер: XL"
2545;11909;;1;"Размер: 2XL | Цвят: черен"
2546;11855;;0;"Размер: S | Цвят: черен"
2546;11856;;0;"Размер: М | Цвят: черен"
2546;11857;;0;"Размер: L | Цвят: черен"
2546;11858;;0;"Размер: XL | Цвят: черен"
2546;11859;;0;"Цвят: черен | Размер: 2XL"
2547;11860;;0;"Цвят: черен | Размер: S"
2547;11861;;0;"Цвят: черен | Размер: М"
2547;11862;;0;"Размер: L | Цвят: черен"
2547;11863;;0;"Цвят: черен | Размер: XL"
2547;11864;;1;"Размер: 2XL | Цвят: черен"
2548;11865;;0;"Размер: S | Цвят: черен"
2548;11866;;1;"Размер: М | Цвят: черен"
2548;11867;;0;"Цвят: черен | Размер: L"
2548;11868;;1;"Цвят: черен | Размер: XL"
2548;11869;;0;"Размер: 2XL | Цвят: черен"
2549;11870;;1;"Размер: S | Цвят: черен"
2549;11871;;1;"Цвят: черен | Размер: М"
2549;11872;;0;"Размер: L | Цвят: черен"
2549;11873;;0;"Цвят: черен | Размер: XL"
2549;11874;;1;"Размер: 2XL | Цвят: черен"
2550;11910;;0;"Размер: S | Цвят: черен"
2550;11911;;0;"Цвят: черен | Размер: М"
2550;11912;;0;"Размер: L | Цвят: черен"
2550;11913;;2;"Цвят: черен | Размер: XL"
2550;11914;;0;"Размер: 2XL | Цвят: черен"
2551;11915;;0;"Цвят: черен | Размер: S"
2551;11916;;0;"Размер: М | Цвят: черен"
2551;11917;;0;"Цвят: черен | Размер: L"
2551;11918;;0;"Размер: XL | Цвят: черен"
2551;11919;;0;"Размер: 2XL | Цвят: черен"
2552;11875;;0;"Цвят: черен | Размер: S"
2552;11876;;0;"Размер: М | Цвят: черен"
2552;11877;;0;"Цвят: черен | Размер: L"
2552;11878;;0;"Размер: XL | Цвят: черен"
2552;11879;;0;"Размер: 2XL | Цвят: черен"
2553;11880;;0;"Цвят: черен | Размер: S"
2553;11881;;0;"Размер: М | Цвят: черен"
2553;11882;;0;"Размер: L | Цвят: черен"
2553;11883;;0;"Цвят: черен | Размер: XL"
2553;11884;;0;"Цвят: черен | Размер: 2XL"
2554;11885;;2;"Цвят: черен | Размер: S"
2554;11886;;1;"Размер: М | Цвят: черен"
2554;11887;;0;"Цвят: черен | Размер: L"
2554;11888;;0;"Размер: XL | Цвят: черен"
2554;11889;;3;"Размер: 2XL | Цвят: черен"
2555;11890;;0;"Размер: S | Цвят: черен"
2555;11891;;0;"Цвят: черен | Размер: М"
2555;11892;;0;"Цвят: черен | Размер: L"
2555;11893;;0;"Цвят: черен | Размер: XL"
2555;11894;;1;"Цвят: черен | Размер: 2XL"
2556;11895;;0;"Размер: S | Цвят: черен"
2556;11896;;1;"Размер: М | Цвят: черен"
2556;11897;;0;"Размер: L | Цвят: черен"
2556;11898;;1;"Размер: XL | Цвят: черен"
2556;11899;;1;"Цвят: черен | Размер: 2XL"
2557;11900;;0;"Размер: S | Цвят: черен"
2557;11901;;0;"Цвят: черен | Размер: М"
2557;11902;;0;"Размер: L | Цвят: черен"
2557;11903;;0;"Цвят: черен | Размер: XL"
2557;11904;;2;"Размер: 2XL | Цвят: черен"
2559;11920;;0;"Размер: S | Цвят: черен"
2559;11921;;0;"Размер: М | Цвят: черен"
2559;11922;;0;"Размер: L | Цвят: черен"
2559;11923;;0;"Цвят: черен | Размер: XL"
2559;11924;;0;"Цвят: черен | Размер: 2XL"
2560;11925;;0;"Цвят: черен | Размер: S"
2560;11926;;0;"Размер: М | Цвят: черен"
2560;11927;;0;"Цвят: черен | Размер: L"
2560;11928;;0;"Размер: XL | Цвят: черен"
2560;11929;;0;"Размер: 2XL | Цвят: черен"
2561;11930;;0;"Цвят: черен | Размер: S"
2561;11931;;0;"Цвят: черен | Размер: М"
2561;11932;;0;"Цвят: черен | Размер: L"
2561;11933;;0;"Цвят: черен | Размер: XL"
2561;11934;;0;"Цвят: черен | Размер: 2XL"
2562;11940;;0;"Размер: S | Цвят: графит"
2562;11941;;0;"Размер: М | Цвят: графит"
2562;11942;;0;"Размер: L | Цвят: графит"
2562;11943;;0;"Цвят: графит | Размер: XL"
2562;11944;;0;"Размер: 2XL | Цвят: графит"
2563;11935;;0;"Размер: S | Цвят: черен"
2563;11936;;0;"Размер: М | Цвят: черен"
2563;11937;;0;"Размер: L | Цвят: черен"
2563;11938;;0;"Размер: XL | Цвят: черен"
2563;11939;;0;"Цвят: черен | Размер: 2XL"
2564;11945;;1;"Цвят: черен | Размер: М"
2564;11946;;1;"Цвят: черен | Размер: L"
2564;11947;;0;"Цвят: черен | Размер: XL"
2564;11948;;1;"Размер: 2XL | Цвят: черен"
2565;11949;;0;"Цвят: тъмносин | Размер: М"
2565;11950;;0;"Размер: L | Цвят: тъмносин"
2565;11951;;0;"Цвят: тъмносин | Размер: XL"
2565;11952;;1;"Цвят: тъмносин | Размер: 2XL"
2566;11953;;1;"Размер: М | Цвят: черен"
2566;11954;;0;"Размер: L | Цвят: черен"
2566;11955;;0;"Размер: XL | Цвят: черен"
2566;11956;;1;"Цвят: черен | Размер: 2XL"
2567;11957;;0;"Размер: М | Цвят: светлобежов"
2567;11958;;0;"Цвят: светлобежов | Размер: L"
2567;11959;;0;"Цвят: светлобежов | Размер: XL"
2567;11960;;0;"Цвят: светлобежов | Размер: 2XL"
2568;11961;;0;"Цвят: черен | Размер: М"
2568;11962;;1;"Цвят: черен | Размер: L"
2568;11963;;0;"Размер: XL | Цвят: черен"
2568;11964;;0;"Цвят: черен | Размер: 2XL"
2569;11965;;0;"Размер: М | Цвят: тъмнозелен"
2569;11966;;0;"Цвят: тъмнозелен | Размер: L"
2569;11967;;0;"Цвят: тъмнозелен | Размер: XL"
2569;11968;;1;"Цвят: тъмнозелен | Размер: 2XL"
2571;11969;;0;"Размер: S | Цвят: черен"
2571;11970;;1;"Размер: М | Цвят: черен"
2571;11971;;0;"Размер: L | Цвят: черен"
2571;11972;;0;"Цвят: черен | Размер: XL"
2571;11973;;0;"Цвят: черен | Размер: 2XL"
2572;11974;;0;"Цвят: черен | Размер: S"
2572;11975;;0;"Цвят: черен | Размер: М"
2572;11976;;0;"Размер: L | Цвят: черен"
2572;11977;;0;"Размер: XL | Цвят: черен"
2572;11978;;0;"Размер: 2XL | Цвят: черен"
2573;11979;;0;"Размер: S | Цвят: черен"
2573;11980;;0;"Цвят: черен | Размер: М"
2573;11981;;0;"Цвят: черен | Размер: L"
2573;11982;;0;"Цвят: черен | Размер: XL"
2573;11983;;0;"Размер: 2XL | Цвят: черен"
2574;11984;;0;"Цвят: черен | Размер: S"
2574;11985;;0;"Цвят: черен | Размер: М"
2574;11986;;0;"Размер: L | Цвят: черен"
2574;11987;;0;"Размер: XL | Цвят: черен"
2574;11988;;0;"Цвят: черен | Размер: 2XL"
2575;11989;;0;"Цвят: тъмносин | Размер: S"
2575;11990;;0;"Размер: М | Цвят: тъмносин"
2575;11991;;0;"Цвят: тъмносин | Размер: L"
2575;11992;;0;"Размер: XL | Цвят: тъмносин"
2575;11993;;1;"Размер: 2XL | Цвят: тъмносин"
2576;11994;;0;"Цвят: черен | Размер: S"
2576;11995;;0;"Размер: М | Цвят: черен"
2576;11996;;0;"Цвят: черен | Размер: L"
2576;11997;;0;"Размер: XL | Цвят: черен"
2576;11998;;0;"Размер: 2XL | Цвят: черен"
2577;11999;;0;"Размер: S | Цвят: черен"
2577;12000;;0;"Размер: М | Цвят: черен"
2577;12001;;0;"Цвят: черен | Размер: L"
2577;12002;;0;"Цвят: черен | Размер: XL"
2577;12003;;0;"Цвят: черен | Размер: 2XL"
2578;12004;;0;"Размер: S | Цвят: черен"
2578;12005;;1;"Размер: М | Цвят: черен"
2578;12006;;0;"Цвят: черен | Размер: L"
2578;12007;;1;"Размер: XL | Цвят: черен"
2578;12008;;1;"Размер: 2XL | Цвят: черен"
2579;12009;;0;"Размер: S | Цвят: бял"
2579;12010;;0;"Размер: М | Цвят: бял"
2579;12011;;0;"Размер: L | Цвят: бял"
2579;12012;;0;"Цвят: бял | Размер: XL"
2579;12013;;1;"Цвят: бял | Размер: 2XL"
2580;12014;;0;"Цвят: черен | Размер: S"
2580;12015;;0;"Цвят: черен | Размер: М"
2580;12016;;0;"Размер: L | Цвят: черен"
2580;12017;;0;"Цвят: черен | Размер: XL"
2580;12018;;2;"Размер: 2XL | Цвят: черен"
2581;12019;;1;"Размер: S | Цвят: черен"
2581;12020;;0;"Цвят: черен | Размер: М"
2581;12021;;0;"Размер: L | Цвят: черен"
2581;12022;;0;"Цвят: черен | Размер: XL"
2581;12023;;0;"Цвят: черен | Размер: 2XL"
2582;12024;;0;"Цвят: черен | Размер: S"
2582;12025;;0;"Цвят: черен | Размер: М"
2582;12026;;0;"Размер: L | Цвят: черен"
2582;12027;;0;"Цвят: черен | Размер: XL"
2582;12028;;0;"Размер: 2XL | Цвят: черен"
2583;12069;;0;"Размер: S | Цвят:  сив "
2583;12070;;1;"Цвят:  сив  | Размер: М"
2583;12071;;0;"Цвят:  сив  | Размер: L"
2583;12072;;0;"Цвят:  сив  | Размер: XL"
2583;12073;;0;"Размер: 2XL | Цвят:  сив "
2585;12034;;0;"Размер: S | Цвят: черен"
2585;12035;;1;"Цвят: черен | Размер: М"
2585;12036;;0;"Цвят: черен | Размер: L"
2585;12037;;0;"Размер: XL | Цвят: черен"
2585;12038;;0;"Цвят: черен | Размер: 2XL"
2586;12039;;0;"Цвят: черен | Размер: S"
2586;12040;;0;"Размер: М | Цвят: черен"
2586;12041;;0;"Размер: L | Цвят: черен"
2586;12042;;0;"Размер: XL | Цвят: черен"
2586;12043;;0;"Цвят: черен | Размер: 2XL"
2587;12044;;0;"Размер: S | Цвят: черен"
2587;12045;;0;"Размер: М | Цвят: черен"
2587;12046;;0;"Цвят: черен | Размер: L"
2587;12047;;0;"Размер: XL | Цвят: черен"
2587;12048;;0;"Цвят: черен | Размер: 2XL"
2588;12049;;0;"Размер: S | Цвят: черен"
2588;12050;;0;"Размер: М | Цвят: черен"
2588;12051;;0;"Цвят: черен | Размер: L"
2588;12052;;0;"Цвят: черен | Размер: XL"
2588;12053;;0;"Цвят: черен | Размер: 2XL"
2589;12054;;1;"Размер: S | Цвят: черен"
2589;12055;;0;"Размер: М | Цвят: черен"
2589;12056;;0;"Размер: L | Цвят: черен"
2589;12057;;0;"Размер: XL | Цвят: черен"
2589;12058;;0;"Цвят: черен | Размер: 2XL"
2590;12059;;0;"Цвят: черен | Размер: S"
2590;12060;;0;"Цвят: черен | Размер: М"
2590;12061;;0;"Размер: L | Цвят: черен"
2590;12062;;0;"Цвят: черен | Размер: XL"
2590;12063;;0;"Размер: 2XL | Цвят: черен"
2591;12064;;0;"Размер: S | Цвят: черен"
2591;12065;;0;"Цвят: черен | Размер: М"
2591;12066;;0;"Размер: L | Цвят: черен"
2591;12067;;0;"Цвят: черен | Размер: XL"
2591;12068;;0;"Размер: 2XL | Цвят: черен"
2592;12074;;0;"Размер: М | Цвят: светлобежов"
2592;12075;;0;"Цвят: светлобежов | Размер: L"
2592;12076;;0;"Размер: XL | Цвят: светлобежов"
2592;12077;;0;"Размер: 2XL | Цвят: светлобежов"
2593;12078;;1;"Размер: М | Цвят: черен"
2593;12079;;0;"Цвят: черен | Размер: L"
2593;12080;;0;"Размер: XL | Цвят: черен"
2593;12081;;0;"Размер: 2XL | Цвят: черен"
2595;12082;;0;"Размер: М | Цвят: корало червен"
2595;12083;;1;"Размер: L | Цвят: корало червен"
2595;12084;;0;"Размер: XL | Цвят: корало червен"
2595;12085;;1;"Цвят: корало червен | Размер: 2XL"
2596;12086;;0;"Размер: М | Цвят: светлобежов"
2596;12087;;0;"Цвят: светлобежов | Размер: L"
2596;12088;;0;"Цвят: светлобежов | Размер: XL"
2596;12089;;0;"Цвят: светлобежов | Размер: 2XL"
2597;12090;;0;"Размер: М | Цвят: тъмносин"
2597;12091;;0;"Размер: L | Цвят: тъмносин"
2597;12092;;0;"Цвят: тъмносин | Размер: XL"
2597;12093;;1;"Цвят: тъмносин | Размер: 2XL"
2598;12094;;0;"Размер: М | Цвят: черен"
2598;12095;;1;"Размер: L | Цвят: черен"
2598;12096;;1;"Цвят: черен | Размер: XL"
2598;12097;;0;"Размер: 2XL | Цвят: черен"
2599;12098;;0;"Цвят: тъмносин | Размер: S"
2599;12099;;0;"Цвят: тъмносин | Размер: М"
2599;12100;;0;"Размер: L | Цвят: тъмносин"
2599;12101;;0;"Цвят: тъмносин | Размер: XL"
2599;12102;;1;"Размер: 2XL | Цвят: тъмносин"
2600;12103;;0;"Цвят: черен | Размер: S"
2600;12104;;0;"Цвят: черен | Размер: М"
2600;12105;;0;"Размер: L | Цвят: черен"
2600;12106;;3;"Цвят: черен | Размер: XL"
2600;12107;;0;"Размер: 2XL | Цвят: черен"
2601;12108;;0;"Размер: S | Цвят: черен"
2601;12109;;0;"Цвят: черен | Размер: М"
2601;12110;;0;"Цвят: черен | Размер: L"
2601;12111;;0;"Размер: XL | Цвят: черен"
2601;12112;;1;"Размер: 2XL | Цвят: черен"
2602;12113;;0;"Размер: S | Цвят: черен"
2602;12114;;1;"Размер: М | Цвят: черен"
2602;12115;;0;"Размер: L | Цвят: черен"
2602;12116;;1;"Размер: XL | Цвят: черен"
2602;12117;;0;"Цвят: черен | Размер: 2XL"
2603;12118;;0;"Цвят: черен | Размер: S"
2603;12119;;0;"Цвят: черен | Размер: М"
2603;12120;;0;"Цвят: черен | Размер: L"
2603;12121;;0;"Размер: XL | Цвят: черен"
2603;12122;;0;"Размер: 2XL | Цвят: черен"
2604;12123;;0;"Цвят: бял | Размер: S"
2604;12124;;0;"Цвят: бял | Размер: М"
2604;12125;;0;"Цвят: бял | Размер: L"
2604;12126;;0;"Размер: XL | Цвят: бял"
2604;12127;;1;"Размер: 2XL | Цвят: бял"
2605;12128;;0;"Размер: S | Цвят: черен"
2605;12129;;0;"Размер: М | Цвят: черен"
2605;12130;;0;"Размер: L | Цвят: черен"
2605;12131;;0;"Цвят: черен | Размер: XL"
2605;12132;;0;"Цвят: черен | Размер: 2XL"
2606;12133;;0;"Размер: S | Цвят: бял"
2606;12134;;0;"Цвят: бял | Размер: М"
2606;12135;;0;"Размер: L | Цвят: бял"
2606;12136;;1;"Цвят: бял | Размер: XL"
2606;12137;;0;"Размер: 2XL | Цвят: бял"
2607;12138;;1;"Цвят: черен | Размер: S"
2607;12139;;0;"Цвят: черен | Размер: М"
2607;12140;;0;"Цвят: черен | Размер: L"
2607;12141;;0;"Цвят: черен | Размер: XL"
2607;12142;;0;"Размер: 2XL | Цвят: черен"
2608;12143;;0;"Цвят: бял | Размер: S"
2608;12144;;0;"Цвят: бял | Размер: М"
2608;12145;;0;"Размер: L | Цвят: бял"
2608;12146;;0;"Размер: XL | Цвят: бял"
2608;12147;;0;"Цвят: бял | Размер: 2XL"
2609;12148;;0;"Размер: S | Цвят: черен"
2609;12149;;0;"Размер: М | Цвят: черен"
2609;12150;;0;"Размер: L | Цвят: черен"
2609;12151;;0;"Размер: XL | Цвят: черен"
2609;12152;;0;"Цвят: черен | Размер: 2XL"
2610;12153;;0;"Цвят: бял | Размер: S"
2610;12154;;0;"Размер: М | Цвят: бял"
2610;12155;;0;"Цвят: бял | Размер: L"
2610;12156;;0;"Размер: XL | Цвят: бял"
2610;12157;;0;"Размер: 2XL | Цвят: бял"
2611;12158;;0;"Цвят: черен | Размер: S"
2611;12159;;0;"Цвят: черен | Размер: М"
2611;12160;;0;"Цвят: черен | Размер: L"
2611;12161;;0;"Размер: XL | Цвят: черен"
2611;12162;;0;"Цвят: черен | Размер: 2XL"
2612;12163;;0;"Размер: S | Цвят: бял"
2612;12164;;0;"Размер: М | Цвят: бял"
2612;12165;;0;"Цвят: бял | Размер: L"
2612;12166;;0;"Цвят: бял | Размер: XL"
2612;12167;;1;"Цвят: бял | Размер: 2XL"
2613;12168;;1;"Размер: S | Цвят: черен"
2613;12169;;1;"Размер: М | Цвят: черен"
2613;12170;;3;"Цвят: черен | Размер: L"
2613;12171;;2;"Цвят: черен | Размер: XL"
2613;12172;;1;"Цвят: черен | Размер: 2XL"
2614;12173;;0;"Цвят: бял | Размер: S"
2614;12174;;0;"Цвят: бял | Размер: М"
2614;12175;;0;"Размер: L | Цвят: бял"
2614;12176;;1;"Размер: XL | Цвят: бял"
2614;12177;;0;"Размер: 2XL | Цвят: бял"
2615;12178;;1;"Цвят: черен | Размер: S"
2615;12179;;0;"Цвят: черен | Размер: М"
2615;12180;;0;"Размер: L | Цвят: черен"
2615;12181;;0;"Размер: XL | Цвят: черен"
2615;12182;;0;"Размер: 2XL | Цвят: черен"
2616;12183;;0;"Цвят: бял | Размер: S"
2616;12184;;0;"Цвят: бял | Размер: М"
2616;12185;;0;"Цвят: бял | Размер: L"
2616;12186;;0;"Цвят: бял | Размер: XL"
2616;12187;;2;"Размер: 2XL | Цвят: бял"
2617;12188;;0;"Размер: S | Цвят: черен"
2617;12189;;0;"Размер: М | Цвят: черен"
2617;12190;;0;"Цвят: черен | Размер: L"
2617;12191;;0;"Размер: XL | Цвят: черен"
2617;12192;;4;"Размер: 2XL | Цвят: черен"
2618;12193;;0;"Размер: S | Цвят: черен"
2618;12194;;0;"Размер: М | Цвят: черен"
2618;12195;;0;"Размер: L | Цвят: черен"
2618;12196;;0;"Цвят: черен | Размер: XL"
2618;12197;;0;"Цвят: черен | Размер: 2XL"
2619;12198;;0;"Размер: S | Цвят: черен"
2619;12199;;0;"Размер: М | Цвят: черен"
2619;12200;;0;"Цвят: черен | Размер: L"
2619;12201;;0;"Размер: XL | Цвят: черен"
2619;12202;;0;"Размер: 2XL | Цвят: черен"
2620;12303;;0;"Размер: S | Цвят: тъмнозелен"
2620;12304;;0;"Цвят: тъмнозелен | Размер: М"
2620;12305;;0;"Размер: L | Цвят: тъмнозелен"
2620;12306;;0;"Размер: XL | Цвят: тъмнозелен"
2620;12307;;0;"Размер: 2XL | Цвят: тъмнозелен"
2621;12208;;0;"Размер: S | Цвят: черен"
2621;12209;;0;"Цвят: черен | Размер: М"
2621;12210;;0;"Цвят: черен | Размер: L"
2621;12211;;0;"Цвят: черен | Размер: XL"
2621;12212;;1;"Цвят: черен | Размер: 2XL"
2622;12213;;0;"Размер: S | Цвят: черен"
2622;12214;;0;"Размер: М | Цвят: черен"
2622;12215;;0;"Размер: L | Цвят: черен"
2622;12216;;0;"Размер: XL | Цвят: черен"
2622;12217;;0;"Цвят: черен | Размер: 2XL"
2623;12218;;0;"Цвят: черен | Размер: S"
2623;12219;;0;"Цвят: черен | Размер: М"
2623;12220;;0;"Размер: L | Цвят: черен"
2623;12221;;0;"Цвят: черен | Размер: XL"
2623;12222;;0;"Размер: 2XL | Цвят: черен"
2624;12223;;0;"Размер: S | Цвят: черен"
2624;12224;;0;"Размер: М | Цвят: черен"
2624;12225;;0;"Цвят: черен | Размер: L"
2624;12226;;0;"Цвят: черен | Размер: XL"
2624;12227;;0;"Размер: 2XL | Цвят: черен"
2626;12228;;0;"Цвят: черен | Размер: S"
2626;12229;;0;"Цвят: черен | Размер: М"
2626;12230;;0;"Размер: L | Цвят: черен"
2626;12231;;0;"Цвят: черен | Размер: XL"
2626;12232;;1;"Размер: 2XL | Цвят: черен"
2627;12233;;0;"Цвят: черен | Размер: М"
2627;12234;;0;"Цвят: черен | Размер: L"
2627;12235;;0;"Размер: XL | Цвят: черен"
2627;12236;;0;"Цвят: черен | Размер: 2XL"
2627;12237;;1;"Цвят: черен | Размер: 3XL"
2628;12238;;0;"Размер: М | Цвят: тъмносин"
2628;12239;;0;"Цвят: тъмносин | Размер: L"
2628;12240;;0;"Размер: XL | Цвят: тъмносин"
2628;12241;;0;"Цвят: тъмносин | Размер: 2XL"
2628;12242;;1;"Цвят: тъмносин | Размер: 3XL"
2629;12298;;0;"Размер: М | Цвят: тъмносин"
2629;12299;;0;"Размер: L | Цвят: тъмносин"
2629;12300;;0;"Размер: XL | Цвят: тъмносин"
2629;12301;;1;"Цвят: тъмносин | Размер: 2XL"
2629;12302;;1;"Цвят: тъмносин | Размер: 3XL"
2630;12248;;0;"Размер: S | Цвят: черен"
2630;12249;;0;"Размер: М | Цвят: черен"
2630;12250;;0;"Размер: L | Цвят: черен"
2630;12251;;0;"Цвят: черен | Размер: XL"
2630;12252;;0;"Цвят: черен | Размер: 2XL"
2631;12253;;0;"Размер: S | Цвят: черен"
2631;12254;;0;"Цвят: черен | Размер: М"
2631;12255;;0;"Цвят: черен | Размер: L"
2631;12256;;0;"Размер: XL | Цвят: черен"
2631;12257;;1;"Цвят: черен | Размер: 2XL"
2632;12258;;0;"Размер: S | Цвят: черен"
2632;12259;;0;"Цвят: черен | Размер: М"
2632;12260;;0;"Размер: L | Цвят: черен"
2632;12261;;0;"Цвят: черен | Размер: XL"
2632;12262;;1;"Цвят: черен | Размер: 2XL"
2633;12263;;0;"Размер: S | Цвят: черен"
2633;12264;;0;"Размер: М | Цвят: черен"
2633;12265;;0;"Размер: L | Цвят: черен"
2633;12266;;0;"Размер: XL | Цвят: черен"
2633;12267;;0;"Цвят: черен | Размер: 2XL"
2634;12268;;0;"Цвят: черен | Размер: S"
2634;12269;;0;"Цвят: черен | Размер: М"
2634;12270;;0;"Размер: L | Цвят: черен"
2634;12271;;0;"Цвят: черен | Размер: XL"
2634;12272;;0;"Размер: 2XL | Цвят: черен"
2635;12273;;0;"Размер: S | Цвят: черен"
2635;12274;;0;"Размер: М | Цвят: черен"
2635;12275;;0;"Цвят: черен | Размер: L"
2635;12276;;0;"Цвят: черен | Размер: XL"
2635;12277;;0;"Цвят: черен | Размер: 2XL"
2636;12278;;0;"Цвят: бял | Размер: S"
2636;12279;;0;"Размер: М | Цвят: бял"
2636;12280;;0;"Размер: L | Цвят: бял"
2636;12281;;1;"Цвят: бял | Размер: XL"
2636;12282;;0;"Цвят: бял | Размер: 2XL"
2637;12283;;0;"Цвят: черен | Размер: S"
2637;12284;;0;"Размер: М | Цвят: черен"
2637;12285;;0;"Цвят: черен | Размер: L"
2637;12286;;1;"Размер: XL | Цвят: черен"
2637;12287;;0;"Размер: 2XL | Цвят: черен"
2638;12288;;0;"Размер: S | Цвят: бял"
2638;12289;;0;"Размер: М | Цвят: бял"
2638;12290;;0;"Цвят: бял | Размер: L"
2638;12291;;0;"Размер: XL | Цвят: бял"
2638;12292;;0;"Размер: 2XL | Цвят: бял"
2639;12293;;0;"Цвят: черен | Размер: S"
2639;12294;;0;"Цвят: черен | Размер: М"
2639;12295;;0;"Цвят: черен | Размер: L"
2639;12296;;0;"Цвят: черен | Размер: XL"
2639;12297;;0;"Цвят: черен | Размер: 2XL"
2640;12308;;0;"Размер: S | Цвят: бял"
2640;12309;;0;"Цвят: бял | Размер: М"
2640;12310;;0;"Цвят: бял | Размер: L"
2640;12311;;0;"Цвят: бял | Размер: XL"
2640;12312;;0;"Размер: 2XL | Цвят: бял"
2641;12313;;0;"Размер: S | Цвят: черен"
2641;12314;;0;"Цвят: черен | Размер: М"
2641;12315;;0;"Размер: L | Цвят: черен"
2641;12316;;0;"Цвят: черен | Размер: XL"
2641;12317;;0;"Цвят: черен | Размер: 2XL"
2642;12318;;0;"Цвят: бял | Размер: S"
2642;12319;;0;"Размер: М | Цвят: бял"
2642;12320;;0;"Размер: L | Цвят: бял"
2642;12321;;0;"Размер: XL | Цвят: бял"
2642;12322;;0;"Цвят: бял | Размер: 2XL"
2643;12323;;3;"Цвят: черен | Размер: S"
2643;12324;;1;"Размер: М | Цвят: черен"
2643;12325;;1;"Цвят: черен | Размер: L"
2643;12326;;0;"Размер: XL | Цвят: черен"
2643;12327;;0;"Размер: 2XL | Цвят: черен"
2644;12328;;0;"Цвят: черен | Размер: S"
2644;12329;;1;"Цвят: черен | Размер: М"
2644;12330;;0;"Цвят: черен | Размер: L"
2644;12331;;0;"Цвят: черен | Размер: XL"
2644;12332;;0;"Цвят: черен | Размер: 2XL"
2645;12333;;0;"Размер: S | Цвят: черен"
2645;12334;;1;"Размер: М | Цвят: черен"
2645;12335;;1;"Цвят: черен | Размер: L"
2645;12336;;1;"Размер: XL | Цвят: черен"
2645;12337;;0;"Цвят: черен | Размер: 2XL"
2646;12338;;1;"Цвят: черен | Размер: S"
2646;12339;;0;"Цвят: черен | Размер: М"
2646;12340;;1;"Размер: L | Цвят: черен"
2646;12341;;0;"Цвят: черен | Размер: XL"
2646;12342;;0;"Цвят: черен | Размер: 2XL"
2647;12343;;0;"Размер: S | Цвят: черен"
2647;12344;;0;"Размер: М | Цвят: черен"
2647;12345;;0;"Цвят: черен | Размер: L"
2647;12346;;1;"Цвят: черен | Размер: XL"
2647;12347;;0;"Размер: 2XL | Цвят: черен"
2649;12353;;0;"Цвят: бял | Размер: S"
2649;12354;;0;"Цвят: бял | Размер: М"
2649;12355;;1;"Размер: L | Цвят: бял"
2649;12356;;0;"Цвят: бял | Размер: XL"
2649;12357;;0;"Размер: 2XL | Цвят: бял"
2650;12358;;1;"Цвят: черен | Размер: S"
2650;12359;;0;"Размер: М | Цвят: черен"
2650;12360;;0;"Размер: L | Цвят: черен"
2650;12361;;0;"Размер: XL | Цвят: черен"
2650;12362;;0;"Размер: 2XL | Цвят: черен"
2651;12363;;0;"Размер: S | Цвят: бял"
2651;12364;;0;"Размер: М | Цвят: бял"
2651;12365;;1;"Цвят: бял | Размер: L"
2651;12366;;0;"Размер: XL | Цвят: бял"
2651;12367;;0;"Цвят: бял | Размер: 2XL"
2652;12368;;0;"Цвят: черен | Размер: S"
2652;12369;;0;"Цвят: черен | Размер: М"
2652;12370;;0;"Цвят: черен | Размер: L"
2652;12371;;0;"Размер: XL | Цвят: черен"
2652;12372;;0;"Цвят: черен | Размер: 2XL"
2653;12373;;0;"Цвят: светлобежов | Размер: S"
2653;12374;;0;"Размер: М | Цвят: светлобежов"
2653;12375;;0;"Цвят: светлобежов | Размер: L"
2653;12376;;0;"Размер: XL | Цвят: светлобежов"
2653;12377;;0;"Размер: 2XL | Цвят: светлобежов"
2654;12378;;0;"Размер: S | Цвят: черен"
2654;12379;;0;"Размер: М | Цвят: черен"
2654;12380;;0;"Размер: L | Цвят: черен"
2654;12381;;0;"Цвят: черен | Размер: XL"
2654;12382;;0;"Цвят: черен | Размер: 2XL"
2655;12383;;0;"Размер: S | Цвят: черен"
2655;12384;;0;"Цвят: черен | Размер: М"
2655;12385;;0;"Размер: L | Цвят: черен"
2655;12386;;0;"Цвят: черен | Размер: XL"
2655;12387;;0;"Размер: 2XL | Цвят: черен"
2656;12388;;0;"Размер: S | Цвят: черен"
2656;12389;;0;"Цвят: черен | Размер: М"
2656;12390;;0;"Цвят: черен | Размер: L"
2656;12391;;0;"Цвят: черен | Размер: XL"
2656;12392;;0;"Размер: 2XL | Цвят: черен"
2657;12393;;0;"Размер: S | Цвят: черен"
2657;12394;;0;"Цвят: черен | Размер: М"
2657;12395;;0;"Размер: L | Цвят: черен"
2657;12396;;0;"Размер: XL | Цвят: черен"
2657;12397;;0;"Цвят: черен | Размер: 2XL"
2658;12398;;0;"Цвят: черен | Размер: S"
2658;12399;;1;"Размер: М | Цвят: черен"
2658;12400;;0;"Цвят: черен | Размер: L"
2658;12401;;0;"Размер: XL | Цвят: черен"
2658;12402;;0;"Размер: 2XL | Цвят: черен"
2659;12403;;1;"Цвят: бял | Размер: S"
2659;12404;;0;"Размер: М | Цвят: бял"
2659;12405;;1;"Размер: L | Цвят: бял"
2659;12406;;1;"Размер: XL | Цвят: бял"
2659;12407;;0;"Размер: 2XL | Цвят: бял"
2660;12418;;0;"Цвят: черен | Размер: S"
2660;12419;;0;"Цвят: черен | Размер: М"
2660;12420;;0;"Размер: L | Цвят: черен"
2660;12421;;1;"Цвят: черен | Размер: XL"
2660;12422;;1;"Цвят: черен | Размер: 2XL"
2661;12423;;0;"Цвят: бял | Размер: S"
2661;12424;;0;"Цвят: бял | Размер: М"
2661;12425;;0;"Размер: L | Цвят: бял"
2661;12426;;0;"Цвят: бял | Размер: XL"
2661;12427;;0;"Размер: 2XL | Цвят: бял"
2662;12428;;0;"Размер: S | Цвят: черен"
2662;12429;;0;"Размер: М | Цвят: черен"
2662;12430;;0;"Размер: L | Цвят: черен"
2662;12431;;0;"Цвят: черен | Размер: XL"
2662;12432;;2;"Размер: 2XL | Цвят: черен"
2663;12433;;0;"Размер: S | Цвят: бял"
2663;12434;;0;"Цвят: бял | Размер: М"
2663;12435;;0;"Размер: L | Цвят: бял"
2663;12436;;1;"Цвят: бял | Размер: XL"
2663;12437;;1;"Цвят: бял | Размер: 2XL"
2664;12438;;0;"Цвят: черен | Размер: S"
2664;12439;;0;"Размер: М | Цвят: черен"
2664;12440;;0;"Размер: L | Цвят: черен"
2664;12441;;0;"Размер: XL | Цвят: черен"
2664;12442;;0;"Размер: 2XL | Цвят: черен"
2665;12443;;0;"Цвят: бял | Размер: S"
2665;12444;;0;"Размер: М | Цвят: бял"
2665;12445;;1;"Цвят: бял | Размер: L"
2665;12446;;1;"Размер: XL | Цвят: бял"
2665;12447;;0;"Размер: 2XL | Цвят: бял"
2666;12448;;1;"Размер: S | Цвят: черен"
2666;12449;;1;"Цвят: черен | Размер: М"
2666;12450;;0;"Цвят: черен | Размер: L"
2666;12451;;0;"Размер: XL | Цвят: черен"
2666;12452;;0;"Цвят: черен | Размер: 2XL"
2667;12453;;0;"Цвят: черен | Размер: S"
2667;12454;;0;"Размер: М | Цвят: черен"
2667;12455;;0;"Цвят: черен | Размер: L"
2667;12456;;1;"Размер: XL | Цвят: черен"
2667;12457;;1;"Цвят: черен | Размер: 2XL"
2668;12458;;0;"Размер: S | Цвят: черен"
2668;12459;;0;"Цвят: черен | Размер: М"
2668;12460;;0;"Размер: L | Цвят: черен"
2668;12461;;1;"Цвят: черен | Размер: XL"
2668;12462;;1;"Цвят: черен | Размер: 2XL"
2669;12463;;0;"Размер: S | Цвят: тъмносин"
2669;12464;;0;"Размер: М | Цвят: тъмносин"
2669;12465;;0;"Цвят: тъмносин | Размер: L"
2669;12466;;0;"Цвят: тъмносин | Размер: XL"
2669;12467;;0;"Размер: 2XL | Цвят: тъмносин"
2670;12348;;0;"Цвят: тъмносин | Размер: М"
2670;12349;;0;"Размер: L | Цвят: тъмносин"
2670;12350;;0;"Цвят: тъмносин | Размер: XL"
2670;12351;;0;"Размер: 2XL | Цвят: тъмносин"
2670;12352;;0;"Размер: 3XL | Цвят: тъмносин"
2671;12408;;0;"Цвят: черен | Размер: S"
2671;12409;;0;"Размер: М | Цвят: черен"
2671;12410;;2;"Цвят: черен | Размер: L"
2671;12411;;0;"Цвят: черен | Размер: XL"
2671;12412;;0;"Цвят: черен | Размер: 2XL"
2672;12413;;0;"Цвят: черен | Размер: S"
2672;12414;;0;"Размер: М | Цвят: черен"
2672;12415;;0;"Цвят: черен | Размер: L"
2672;12416;;0;"Размер: XL | Цвят: черен"
2672;12417;;0;"Размер: 2XL | Цвят: черен"
2673;12468;;1;"Размер: S | Цвят: черен"
2673;12469;;1;"Размер: М | Цвят: черен"
2673;12470;;1;"Цвят: черен | Размер: L"
2673;12471;;1;"Цвят: черен | Размер: XL"
2673;12472;;1;"Размер: 2XL | Цвят: черен"
2674;12473;;0;"Размер: S | Цвят: черен"
2674;12474;;0;"Цвят: черен | Размер: М"
2674;12475;;0;"Размер: L | Цвят: черен"
2674;12476;;0;"Цвят: черен | Размер: XL"
2674;12477;;0;"Размер: 2XL | Цвят: черен"
2675;12478;;0;"Цвят: черен | Размер: S"
2675;12479;;0;"Размер: М | Цвят: черен"
2675;12480;;0;"Цвят: черен | Размер: L"
2675;12481;;0;"Размер: XL | Цвят: черен"
2675;12482;;0;"Размер: 2XL | Цвят: черен"
2676;12483;;0;"Размер: S | Цвят: черен"
2676;12484;;0;"Размер: М | Цвят: черен"
2676;12485;;0;"Размер: L | Цвят: черен"
2676;12486;;0;"Цвят: черен | Размер: XL"
2676;12487;;0;"Цвят: черен | Размер: 2XL"
2677;12488;;2;"Цвят: черен | Размер: S"
2677;12489;;0;"Размер: М | Цвят: черен"
2677;12490;;0;"Цвят: черен | Размер: L"
2677;12491;;0;"Размер: XL | Цвят: черен"
2677;12492;;0;"Размер: 2XL | Цвят: черен"
2678;12493;;0;"Размер: S | Цвят: черен"
2678;12494;;0;"Цвят: черен | Размер: М"
2678;12495;;0;"Цвят: черен | Размер: L"
2678;12496;;0;"Цвят: черен | Размер: XL"
2678;12497;;0;"Цвят: черен | Размер: 2XL"
2679;12498;;0;"Размер: S | Цвят: черен"
2679;12499;;0;"Размер: М | Цвят: черен"
2679;12500;;0;"Размер: L | Цвят: черен"
2679;12501;;0;"Размер: XL | Цвят: черен"
2679;12502;;0;"Цвят: черен | Размер: 2XL"
2680;12503;;2;"Размер: 3XL | Цвят: черен"
2680;12504;;2;"Размер: 4XL | Цвят: черен"
2680;12505;;1;"Размер: 5XL | Цвят: черен"
2680;12506;;0;"Цвят: черен | Размер: 6XL"
2681;12507;;1;"Размер: 3XL | Цвят: черен"
2681;12508;;3;"Размер: 4XL | Цвят: черен"
2681;12509;;1;"Размер: 5XL | Цвят: черен"
2681;12510;;1;"Цвят: черен | Размер: 6XL"
2682;12511;;1;"Цвят: черен | Размер: S"
2682;12512;;0;"Цвят: черен | Размер: М"
2682;12513;;0;"Размер: L | Цвят: черен"
2682;12514;;0;"Цвят: черен | Размер: XL"
2682;12515;;0;"Размер: 2XL | Цвят: черен"
2683;12516;;0;"Размер: 3XL | Цвят: черен"
2683;12517;;0;"Размер: 4XL | Цвят: черен"
2683;12518;;0;"Цвят: черен | Размер: 5XL"
2683;12519;;0;"Размер: 6XL | Цвят: черен"
2684;12520;;0;"Цвят: черен | Размер: 3XL"
2684;12521;;0;"Цвят: черен | Размер: 4XL"
2684;12522;;0;"Размер: 5XL | Цвят: черен"
2684;12523;;0;"Размер: 6XL | Цвят: черен"
2685;12524;;0;"Цвят: черен | Размер: М"
2685;12525;;0;"Размер: L | Цвят: черен"
2685;12526;;0;"Цвят: черен | Размер: XL"
2685;12527;;0;"Цвят: черен | Размер: 2XL"
2685;12528;;0;"Цвят: черен | Размер: 3XL"
2686;12529;;1;"Цвят: тъмносин | Размер: М"
2686;12530;;0;"Размер: L | Цвят: тъмносин"
2686;12531;;0;"Цвят: тъмносин | Размер: XL"
2686;12532;;0;"Размер: 2XL | Цвят: тъмносин"
2686;12533;;0;"Размер: 3XL | Цвят: тъмносин"
2687;12534;;0;"Размер: М | Цвят: черен"
2687;12535;;0;"Цвят: черен | Размер: L"
2687;12536;;0;"Размер: XL | Цвят: черен"
2687;12537;;0;"Размер: 2XL | Цвят: черен"
2687;12538;;1;"Размер: 3XL | Цвят: черен"
2688;12539;;0;"Размер: М | Цвят: бял"
2688;12540;;0;"Цвят: бял | Размер: L"
2688;12541;;0;"Цвят: бял | Размер: XL"
2688;12542;;0;"Цвят: бял | Размер: 2XL"
2688;12543;;0;"Размер: 3XL | Цвят: бял"
2689;12544;;0;"Цвят: черен | Размер: М"
2689;12545;;0;"Цвят: черен | Размер: L"
2689;12546;;0;"Цвят: черен | Размер: XL"
2689;12547;;0;"Цвят: черен | Размер: 2XL"
2689;12548;;1;"Размер: 3XL | Цвят: черен"
2690;12549;;0;"Размер: М | Цвят: черен"
2690;12550;;0;"Цвят: черен | Размер: L"
2690;12551;;0;"Размер: XL | Цвят: черен"
2690;12552;;1;"Цвят: черен | Размер: 2XL"
2690;12553;;1;"Цвят: черен | Размер: 3XL"
2691;12554;;0;"Цвят: черен | Размер: М"
2691;12555;;0;"Размер: L | Цвят: черен"
2691;12556;;0;"Размер: XL | Цвят: черен"
2691;12557;;0;"Цвят: черен | Размер: 2XL"
2691;12558;;1;"Размер: 3XL | Цвят: черен"
2692;12559;;6;"Размер: S | Цвят: черен"
2692;12560;;0;"Цвят: черен | Размер: М"
2692;12561;;1;"Цвят: черен | Размер: L"
2692;12562;;1;"Цвят: черен | Размер: XL"
2692;12563;;3;"Размер: 2XL | Цвят: черен"
2693;12564;;2;"Размер: S | Цвят: черен"
2693;12565;;1;"Цвят: черен | Размер: М"
2693;12566;;1;"Размер: L | Цвят: черен"
2693;12567;;1;"Размер: XL | Цвят: черен"
2693;12568;;1;"Цвят: черен | Размер: 2XL"
2694;12569;;1;"Размер: S | Цвят: бял"
2694;12570;;1;"Цвят: бял | Размер: М"
2694;12571;;1;"Размер: L | Цвят: бял"
2694;12572;;1;"Цвят: бял | Размер: XL"
2694;12573;;1;"Цвят: бял | Размер: 2XL"
2696;12574;;5;"Цвят: черен | Размер: S"
2696;12575;;0;"Размер: М | Цвят: черен"
2696;12576;;1;"Цвят: черен | Размер: L"
2696;12577;;0;"Размер: XL | Цвят: черен"
2696;12578;;0;"Размер: 2XL | Цвят: черен"
2697;12579;;1;"Цвят: черен | Размер: S"
2697;12580;;1;"Размер: М | Цвят: черен"
2697;12581;;1;"Цвят: черен | Размер: L"
2697;12582;;1;"Цвят: черен | Размер: XL"
2697;12583;;1;"Цвят: черен | Размер: 2XL"
2698;12584;;0;"Цвят: черен | Размер: S"
2698;12585;;0;"Размер: М | Цвят: черен"
2698;12586;;0;"Цвят: черен | Размер: L"
2698;12587;;0;"Размер: XL | Цвят: черен"
2698;12588;;0;"Размер: 2XL | Цвят: черен"
2699;12589;;0;"Цвят: светлобежов | Размер: М"
2699;12590;;0;"Цвят: светлобежов | Размер: L"
2699;12591;;0;"Цвят: светлобежов | Размер: XL"
2699;12592;;0;"Цвят: светлобежов | Размер: 2XL"
2699;12593;;0;"Размер: 3XL | Цвят: светлобежов"
2700;12594;;0;"Цвят: черен | Размер: М"
2700;12595;;0;"Размер: L | Цвят: черен"
2700;12596;;0;"Цвят: черен | Размер: XL"
2700;12597;;0;"Цвят: черен | Размер: 2XL"
2700;12598;;1;"Цвят: черен | Размер: 3XL"
2701;12599;;0;"Цвят: черен | Размер: М"
2701;12600;;0;"Размер: L | Цвят: черен"
2701;12601;;0;"Размер: XL | Цвят: черен"
2701;12602;;0;"Размер: 2XL | Цвят: черен"
2701;12603;;0;"Цвят: черен | Размер: 3XL"
2702;12604;;0;"Размер: S | Цвят: черен"
2702;12605;;0;"Цвят: черен | Размер: М"
2702;12606;;0;"Размер: L | Цвят: черен"
2702;12607;;0;"Цвят: черен | Размер: XL"
2702;12608;;0;"Размер: 2XL | Цвят: черен"
2703;12609;;0;"Размер: S | Цвят: черен"
2703;12610;;1;"Цвят: черен | Размер: М"
2703;12611;;1;"Цвят: черен | Размер: L"
2703;12612;;1;"Цвят: черен | Размер: XL"
2703;12613;;0;"Размер: 2XL | Цвят: черен"
2704;12614;;0;"Размер: S | Цвят: черен"
2704;12615;;0;"Размер: М | Цвят: черен"
2704;12616;;0;"Размер: L | Цвят: черен"
2704;12617;;0;"Размер: XL | Цвят: черен"
2704;12618;;0;"Цвят: черен | Размер: 2XL"
2705;12619;;0;"Цвят: бял | Размер: S"
2705;12620;;0;"Размер: М | Цвят: бял"
2705;12621;;0;"Цвят: бял | Размер: L"
2705;12622;;0;"Размер: XL | Цвят: бял"
2705;12623;;0;"Размер: 2XL | Цвят: бял"
2706;12624;;0;"Цвят: черен | Размер: S"
2706;12625;;0;"Цвят: черен | Размер: М"
2706;12626;;0;"Цвят: черен | Размер: L"
2706;12627;;0;"Размер: XL | Цвят: черен"
2706;12628;;0;"Размер: 2XL | Цвят: черен"
2707;12629;;0;"Размер: S | Цвят: бял"
2707;12630;;0;"Размер: М | Цвят: бял"
2707;12631;;0;"Цвят: бял | Размер: L"
2707;12632;;0;"Цвят: бял | Размер: XL"
2707;12633;;0;"Цвят: бял | Размер: 2XL"
2708;12634;;0;"Размер: S | Цвят: черен"
2708;12635;;0;"Размер: М | Цвят: черен"
2708;12636;;0;"Размер: L | Цвят: черен"
2708;12637;;0;"Цвят: черен | Размер: XL"
2708;12638;;0;"Цвят: черен | Размер: 2XL"
2709;12644;;0;"Размер: S | Цвят: бял"
2709;12645;;0;"Цвят: бял | Размер: М"
2709;12646;;0;"Размер: L | Цвят: бял"
2709;12647;;0;"Размер: XL | Цвят: бял"
2709;12648;;0;"Размер: 2XL | Цвят: бял"
2710;12639;;0;"Цвят: черен | Размер: S"
2710;12640;;0;"Цвят: черен | Размер: М"
2710;12641;;0;"Размер: L | Цвят: черен"
2710;12642;;0;"Размер: XL | Цвят: черен"
2710;12643;;0;"Размер: 2XL | Цвят: черен"
2711;12649;;0;"Цвят: бял | Размер: S"
2711;12650;;0;"Цвят: бял | Размер: М"
2711;12651;;0;"Цвят: бял | Размер: L"
2711;12652;;1;"Цвят: бял | Размер: XL"
2711;12653;;1;"Размер: 2XL | Цвят: бял"
2711;12654;;0;"Размер: S"
2712;12655;;0;"Цвят: черен | Размер: S"
2712;12656;;0;"Размер: М | Цвят: черен"
2712;12657;;0;"Цвят: черен | Размер: L"
2712;12658;;0;"Размер: XL | Цвят: черен"
2712;12659;;0;"Размер: 2XL | Цвят: черен"
2713;12660;;0;"Размер: S | Цвят: бял"
2713;12661;;0;"Размер: М | Цвят: бял"
2713;12662;;0;"Размер: L | Цвят: бял"
2713;12663;;0;"Цвят: бял | Размер: XL"
2713;12664;;1;"Цвят: бял | Размер: 2XL"
2714;12665;;0;"Цвят: черен | Размер: S"
2714;12666;;0;"Размер: М | Цвят: черен"
2714;12667;;0;"Размер: L | Цвят: черен"
2714;12668;;0;"Цвят: черен | Размер: XL"
2714;12669;;0;"Цвят: черен | Размер: 2XL"
2715;12670;;0;"Цвят: бял | Размер: S"
2715;12671;;0;"Размер: М | Цвят: бял"
2715;12672;;0;"Цвят: бял | Размер: L"
2715;12673;;0;"Размер: XL | Цвят: бял"
2715;12674;;1;"Размер: 2XL | Цвят: бял"
2716;12675;;0;"Цвят: черен | Размер: S"
2716;12676;;0;"Цвят: черен | Размер: М"
2716;12677;;0;"Размер: L | Цвят: черен"
2716;12678;;0;"Размер: XL | Цвят: черен"
2716;12679;;1;"Цвят: черен | Размер: 2XL"
2717;12680;;0;"Размер: S | Цвят: бял"
2717;12681;;0;"Цвят: бял | Размер: М"
2717;12682;;0;"Цвят: бял | Размер: L"
2717;12683;;0;"Цвят: бял | Размер: XL"
2717;12684;;0;"Размер: 2XL | Цвят: бял"
2718;12685;;0;"Размер: S | Цвят: черен"
2718;12686;;0;"Цвят: черен | Размер: М"
2718;12687;;0;"Цвят: черен | Размер: L"
2718;12688;;0;"Цвят: черен | Размер: XL"
2718;12689;;0;"Размер: 2XL | Цвят: черен"
2719;12690;;0;"Размер: S | Цвят: бял"
2719;12691;;0;"Цвят: бял | Размер: М"
2719;12692;;0;"Размер: L | Цвят: бял"
2719;12693;;1;"Цвят: бял | Размер: XL"
2719;12694;;1;"Цвят: бял | Размер: 2XL"
2720;12695;;0;"Размер: S | Цвят: черен"
2720;12696;;0;"Размер: М | Цвят: черен"
2720;12697;;0;"Размер: L | Цвят: черен"
2720;12698;;0;"Размер: XL | Цвят: черен"
2720;12699;;0;"Цвят: черен | Размер: 2XL"
2721;12700;;0;"Цвят: бял | Размер: S"
2721;12701;;0;"Размер: М | Цвят: бял"
2721;12702;;0;"Цвят: бял | Размер: L"
2721;12703;;0;"Размер: XL | Цвят: бял"
2721;12704;;0;"Размер: 2XL | Цвят: бял"
2722;12705;;0;"Цвят: черен | Размер: S"
2722;12706;;0;"Размер: М | Цвят: черен"
2722;12707;;0;"Цвят: черен | Размер: L"
2722;12708;;0;"Размер: XL | Цвят: черен"
2722;12709;;0;"Размер: 2XL | Цвят: черен"
2723;12710;;0;"Цвят: бял | Размер: S"
2723;12711;;0;"Размер: М | Цвят: бял"
2723;12712;;0;"Цвят: бял | Размер: L"
2723;12713;;0;"Цвят: бял | Размер: XL"
2723;12714;;0;"Цвят: бял | Размер: 2XL"
2724;12715;;0;"Цвят: черен | Размер: S"
2724;12716;;0;"Размер: М | Цвят: черен"
2724;12717;;0;"Размер: L | Цвят: черен"
2724;12718;;0;"Цвят: черен | Размер: XL"
2724;12719;;0;"Цвят: черен | Размер: 2XL"
2725;12720;;0;"Размер: S | Цвят: черен"
2725;12721;;0;"Цвят: черен | Размер: М"
2725;12722;;0;"Размер: L | Цвят: черен"
2725;12723;;0;"Размер: XL | Цвят: черен"
2725;12724;;0;"Размер: 2XL | Цвят: черен"
2726;12725;;0;"Цвят: черен | Размер: S"
2726;12726;;1;"Цвят: черен | Размер: М"
2726;12727;;1;"Размер: L | Цвят: черен"
2726;12728;;0;"Цвят: черен | Размер: XL"
2726;12729;;1;"Размер: 2XL | Цвят: черен"
2727;12730;;0;"Размер: S | Цвят: черен"
2727;12731;;0;"Цвят: черен | Размер: М"
2727;12732;;0;"Размер: L | Цвят: черен"
2727;12733;;0;"Цвят: черен | Размер: XL"
2727;12734;;1;"Цвят: черен | Размер: 2XL"
2728;12735;;0;"Цвят: черен | Размер: S"
2728;12736;;1;"Размер: М | Цвят: черен"
2728;12737;;0;"Цвят: черен | Размер: L"
2728;12738;;0;"Размер: XL | Цвят: черен"
2728;12739;;0;"Размер: 2XL | Цвят: черен"
2729;12740;;1;"Размер: S | Цвят: черен"
2729;12741;;0;"Цвят: черен | Размер: М"
2729;12742;;0;"Цвят: черен | Размер: L"
2729;12743;;0;"Размер: XL | Цвят: черен"
2729;12744;;0;"Цвят: черен | Размер: 2XL"
2730;12745;;0;"Цвят: черен | Размер: S"
2730;12746;;0;"Размер: М | Цвят: черен"
2730;12747;;0;"Цвят: черен | Размер: L"
2730;12748;;0;"Размер: XL | Цвят: черен"
2730;12749;;0;"Цвят: черен | Размер: 2XL"
2731;12750;;0;"Цвят: черен | Размер: S"
2731;12751;;0;"Цвят: черен | Размер: М"
2731;12752;;0;"Цвят: черен | Размер: L"
2731;12753;;0;"Размер: XL | Цвят: черен"
2731;12754;;0;"Цвят: черен | Размер: 2XL"
2732;12755;;0;"Цвят: черен | Размер: S"
2732;12756;;0;"Размер: М | Цвят: черен"
2732;12757;;0;"Цвят: черен | Размер: L"
2732;12758;;0;"Цвят: черен | Размер: XL"
2732;12759;;0;"Цвят: черен | Размер: 2XL"
2733;12760;;0;"Размер: S | Цвят: черен"
2733;12761;;0;"Цвят: черен | Размер: М"
2733;12762;;0;"Размер: L | Цвят: черен"
2733;12763;;0;"Размер: XL | Цвят: черен"
2733;12764;;0;"Размер: 2XL | Цвят: черен"
2734;12765;;0;"Цвят: черен | Размер: S"
2734;12766;;0;"Цвят: черен | Размер: М"
2734;12767;;0;"Цвят: черен | Размер: L"
2734;12768;;0;"Цвят: черен | Размер: XL"
2734;12769;;0;"Размер: 2XL | Цвят: черен"
2735;12770;;1;"Размер: S | Цвят: черен"
2735;12771;;0;"Цвят: черен | Размер: М"
2735;12772;;0;"Размер: L | Цвят: черен"
2735;12773;;2;"Цвят: черен | Размер: XL"
2735;12774;;0;"Цвят: черен | Размер: 2XL"
2736;12775;;0;"Цвят: черен | Размер: S"
2736;12776;;0;"Размер: М | Цвят: черен"
2736;12777;;1;"Размер: L | Цвят: черен"
2736;12778;;0;"Размер: XL | Цвят: черен"
2736;12779;;0;"Размер: 2XL | Цвят: черен"
2737;12780;;0;"Размер: S | Цвят: черен"
2737;12781;;0;"Цвят: черен | Размер: М"
2737;12782;;0;"Цвят: черен | Размер: L"
2737;12783;;0;"Размер: XL | Цвят: черен"
2737;12784;;0;"Цвят: черен | Размер: 2XL"
2738;12785;;1;"Цвят: черен | Размер: S"
2738;12786;;1;"Размер: М | Цвят: черен"
2738;12787;;1;"Цвят: черен | Размер: L"
2738;12788;;1;"Размер: XL | Цвят: черен"
2738;12789;;0;"Цвят: черен | Размер: 2XL"
2739;12790;;1;"Цвят: бял | Размер: S"
2739;12791;;1;"Размер: М | Цвят: бял"
2739;12792;;1;"Цвят: бял | Размер: L"
2739;12793;;1;"Размер: XL | Цвят: бял"
2739;12794;;1;"Размер: 2XL | Цвят: бял"
2740;12795;;0;"Цвят: черен | Размер: S"
2740;12796;;0;"Цвят: черен | Размер: М"
2740;12797;;1;"Размер: L | Цвят: черен"
2740;12798;;1;"Цвят: черен | Размер: XL"
2740;12799;;0;"Цвят: черен | Размер: 2XL"
2741;12800;;0;"Размер: S | Цвят: бял"
2741;12801;;0;"Цвят: бял | Размер: М"
2741;12802;;0;"Размер: L | Цвят: бял"
2741;12803;;0;"Цвят: бял | Размер: XL"
2741;12804;;0;"Размер: 2XL | Цвят: бял"
2742;12815;;0;"Цвят: черен | Размер: S"
2742;12816;;0;"Размер: М | Цвят: черен"
2742;12817;;0;"Цвят: черен | Размер: L"
2742;12818;;0;"Размер: XL | Цвят: черен"
2742;12819;;0;"Размер: 2XL | Цвят: черен"
2743;12805;;0;"Размер: S | Цвят: черен"
2743;12806;;0;"Размер: М | Цвят: черен"
2743;12807;;0;"Цвят: черен | Размер: L"
2743;12808;;0;"Цвят: черен | Размер: XL"
2743;12809;;0;"Размер: 2XL | Цвят: черен"
2744;12810;;0;"Размер: S | Цвят: черен"
2744;12811;;0;"Цвят: черен | Размер: М"
2744;12812;;0;"Размер: L | Цвят: черен"
2744;12813;;0;"Цвят: черен | Размер: XL"
2744;12814;;0;"Размер: 2XL | Цвят: черен"
2745;12820;;0;"Размер: S | Цвят: черен"
2745;12821;;0;"Размер: М | Цвят: черен"
2745;12822;;0;"Размер: L | Цвят: черен"
2745;12823;;0;"Цвят: черен | Размер: XL"
2745;12824;;0;"Цвят: черен | Размер: 2XL"
2746;12825;;0;"Размер: S | Цвят: бял"
2746;12826;;0;"Размер: М | Цвят: бял"
2746;12827;;0;"Размер: L | Цвят: бял"
2746;12828;;0;"Цвят: бял | Размер: XL"
2746;12829;;0;"Цвят: бял | Размер: 2XL"
2747;12830;;0;"Цвят: черен | Размер: S"
2747;12831;;0;"Размер: М | Цвят: черен"
2747;12832;;0;"Цвят: черен | Размер: L"
2747;12833;;0;"Размер: XL | Цвят: черен"
2747;12834;;0;"Размер: 2XL | Цвят: черен"
2748;12835;;0;"Размер: S | Цвят: черен"
2748;12836;;0;"Цвят: черен | Размер: М"
2748;12837;;0;"Размер: L | Цвят: черен"
2748;12838;;0;"Цвят: черен | Размер: XL"
2748;12839;;0;"Цвят: черен | Размер: 2XL"
2749;12840;;0;"Размер: S | Цвят: черен"
2749;12841;;0;"Размер: М | Цвят: черен"
2749;12842;;0;"Размер: L | Цвят: черен"
2749;12843;;0;"Размер: XL | Цвят: черен"
2749;12844;;0;"Размер: 2XL | Цвят: черен"
2750;12845;;0;"Цвят: черен | Размер: S"
2750;12846;;0;"Цвят: черен | Размер: М"
2750;12847;;0;"Размер: L | Цвят: черен"
2750;12848;;0;"Цвят: черен | Размер: XL"
2750;12849;;0;"Размер: 2XL | Цвят: черен"
2751;12865;;0;"Цвят: черен | Размер: S"
2751;12866;;0;"Размер: М | Цвят: черен"
2751;12867;;0;"Цвят: черен | Размер: L"
2751;12868;;0;"Размер: XL | Цвят: черен"
2751;12869;;1;"Размер: 2XL | Цвят: черен"
2752;12870;;0;"Цвят: черен | Размер: S"
2752;12871;;0;"Цвят: черен | Размер: М"
2752;12872;;0;"Цвят: черен | Размер: L"
2752;12873;;0;"Цвят: черен | Размер: XL"
2752;12874;;0;"Цвят: черен | Размер: 2XL"
2753;12875;;0;"Цвят: черен | Размер: S"
2753;12876;;0;"Размер: М | Цвят: черен"
2753;12877;;0;"Размер: L | Цвят: черен"
2753;12878;;0;"Цвят: черен | Размер: XL"
2753;12879;;1;"Цвят: черен | Размер: 2XL"
2754;12880;;0;"Размер: S | Цвят: черен"
2754;12881;;0;"Цвят: черен | Размер: М"
2754;12882;;0;"Размер: L | Цвят: черен"
2754;12883;;0;"Размер: XL | Цвят: черен"
2754;12884;;0;"Размер: 2XL | Цвят: черен"
2756;12885;;0;"Размер: S | Цвят: бял"
2756;12886;;0;"Цвят: бял | Размер: М"
2756;12887;;0;"Цвят: бял | Размер: L"
2756;12888;;0;"Цвят: бял | Размер: XL"
2756;12889;;1;"Размер: 2XL | Цвят: бял"
2757;12890;;0;"Размер: S | Цвят: черен"
2757;12891;;0;"Цвят: черен | Размер: М"
2757;12892;;0;"Цвят: черен | Размер: L"
2757;12893;;0;"Цвят: черен | Размер: XL"
2757;12894;;1;"Размер: 2XL | Цвят: черен"
2758;12895;;0;"Размер: S | Цвят: бял"
2758;12896;;0;"Размер: М | Цвят: бял"
2758;12897;;0;"Размер: L | Цвят: бял"
2758;12898;;0;"Размер: XL | Цвят: бял"
2758;12899;;0;"Цвят: бял | Размер: 2XL"
2759;12900;;0;"Размер: S | Цвят: черен"
2759;12901;;0;"Размер: М | Цвят: черен"
2759;12902;;0;"Размер: L | Цвят: черен"
2759;12903;;0;"Размер: XL | Цвят: черен"
2759;12904;;0;"Цвят: черен | Размер: 2XL"
2760;12905;;0;"Цвят: бял | Размер: S"
2760;12906;;0;"Цвят: бял | Размер: М"
2760;12907;;0;"Цвят: бял | Размер: L"
2760;12908;;0;"Размер: XL | Цвят: бял"
2760;12909;;0;"Цвят: бял | Размер: 2XL"
2761;12910;;0;"Цвят: черен | Размер: S"
2761;12911;;0;"Цвят: черен | Размер: М"
2761;12912;;0;"Цвят: черен | Размер: L"
2761;12913;;0;"Размер: XL | Цвят: черен"
2761;12914;;0;"Цвят: черен | Размер: 2XL"
2762;12850;;0;"Размер: S | Цвят:  сив "
2762;12851;;0;"Цвят:  сив  | Размер: М"
2762;12852;;0;"Размер: L | Цвят:  сив "
2762;12853;;0;"Цвят:  сив  | Размер: XL"
2762;12854;;0;"Цвят:  сив  | Размер: 2XL"
2763;12855;;0;"Цвят: бял | Размер: S"
2763;12856;;0;"Размер: М | Цвят: бял"
2763;12857;;0;"Размер: L | Цвят: бял"
2763;12858;;1;"Размер: XL | Цвят: бял"
2763;12859;;1;"Размер: 2XL | Цвят: бял"
2764;12860;;1;"Размер: S | Цвят: черен"
2764;12861;;0;"Размер: М | Цвят: черен"
2764;12862;;0;"Цвят: черен | Размер: L"
2764;12863;;0;"Цвят: черен | Размер: XL"
2764;12864;;1;"Цвят: черен | Размер: 2XL"
2765;12917;;1;"Цвят: черен | Размер: S"
2765;12918;;1;"Цвят: черен | Размер: М"
2765;12919;;1;"Размер: L | Цвят: черен"
2765;12920;;1;"Цвят: черен | Размер: XL"
2765;12921;;0;"Размер: 2XL | Цвят: черен"
2766;12922;;0;"Размер: S | Цвят: бял"
2766;12923;;0;"Размер: М | Цвят: бял"
2766;12924;;0;"Цвят: бял | Размер: L"
2766;12925;;0;"Цвят: бял | Размер: XL"
2766;12926;;0;"Размер: 2XL | Цвят: бял"
2767;12927;;0;"Размер: S | Цвят: черен"
2767;12928;;0;"Цвят: черен | Размер: М"
2767;12929;;0;"Размер: L | Цвят: черен"
2767;12930;;0;"Цвят: черен | Размер: XL"
2767;12931;;0;"Цвят: черен | Размер: 2XL"
2768;12932;;0;"Размер: S | Цвят: бял"
2768;12933;;0;"Цвят: бял | Размер: М"
2768;12934;;0;"Размер: L | Цвят: бял"
2768;12935;;0;"Размер: XL | Цвят: бял"
2768;12936;;1;"Размер: 2XL | Цвят: бял"
2769;12937;;0;"Цвят: черен | Размер: S"
2769;12938;;0;"Размер: М | Цвят: черен"
2769;12939;;0;"Цвят: черен | Размер: L"
2769;12940;;1;"Размер: XL | Цвят: черен"
2769;12941;;0;"Размер: 2XL | Цвят: черен"
2770;12942;;0;"Цвят: бял | Размер: S"
2770;12943;;0;"Размер: М | Цвят: бял"
2770;12944;;0;"Цвят: бял | Размер: L"
2770;12945;;0;"Размер: XL | Цвят: бял"
2770;12946;;0;"Цвят: бял | Размер: 2XL"
2771;12947;;0;"Размер: S | Цвят: черен"
2771;12948;;0;"Цвят: черен | Размер: М"
2771;12949;;0;"Цвят: черен | Размер: L"
2771;12950;;0;"Цвят: черен | Размер: XL"
2771;12951;;0;"Цвят: черен | Размер: 2XL"
2772;12952;;0;"Цвят: тъмнозелен | Размер: 3XL"
2772;12953;;0;"Цвят: тъмнозелен | Размер: 4XL"
2772;12954;;0;"Цвят: тъмнозелен | Размер: 5XL"
2772;12955;;0;"Размер: 6XL | Цвят: тъмнозелен"
2773;12956;;0;"Размер: 3XL | Цвят: черен"
2773;12957;;0;"Цвят: черен | Размер: 4XL"
2773;12958;;0;"Размер: 5XL | Цвят: черен"
2773;12959;;0;"Размер: 6XL | Цвят: черен"
2774;12960;;1;"Цвят: черен | Размер: S"
2774;12961;;0;"Цвят: черен | Размер: М"
2774;12962;;0;"Цвят: черен | Размер: L"
2774;12963;;0;"Цвят: черен | Размер: XL"
2774;12964;;1;"Цвят: черен | Размер: 2XL"
2775;12970;;1;"Размер: S | Цвят: черен"
2775;12971;;1;"Размер: М | Цвят: черен"
2775;12972;;0;"Размер: L | Цвят: черен"
2775;12973;;0;"Цвят: черен | Размер: XL"
2775;12974;;1;"Размер: 2XL | Цвят: черен"
2776;12965;;0;"Цвят: бял | Размер: S"
2776;12966;;0;"Размер: М | Цвят: бял"
2776;12967;;0;"Размер: L | Цвят: бял"
2776;12968;;0;"Цвят: бял | Размер: XL"
2776;12969;;0;"Размер: 2XL | Цвят: бял"
2777;12975;;0;"Размер: S | Цвят: черен"
2777;12976;;0;"Цвят: черен | Размер: М"
2777;12977;;0;"Размер: L | Цвят: черен"
2777;12978;;0;"Цвят: черен | Размер: XL"
2777;12979;;0;"Размер: 2XL | Цвят: черен"
2778;12980;;0;"Размер: S | Цвят: черен"
2778;12981;;0;"Цвят: черен | Размер: М"
2778;12982;;0;"Цвят: черен | Размер: L"
2778;12983;;0;"Размер: XL | Цвят: черен"
2778;12984;;0;"Размер: 2XL | Цвят: черен"
2779;12985;;0;"Размер: S | Цвят: черен"
2779;12986;;0;"Размер: М | Цвят: черен"
2779;12987;;0;"Размер: L | Цвят: черен"
2779;12988;;0;"Размер: XL | Цвят: черен"
2779;12989;;0;"Цвят: черен | Размер: 2XL"
2780;12990;;0;"Цвят: черен | Размер: S"
2780;12991;;0;"Размер: М | Цвят: черен"
2780;12992;;0;"Цвят: черен | Размер: L"
2780;12993;;0;"Размер: XL | Цвят: черен"
2780;12994;;0;"Цвят: черен | Размер: 2XL"
2781;12995;;0;"Размер: S | Цвят: черен"
2781;12996;;0;"Размер: М | Цвят: черен"
2781;12997;;0;"Цвят: черен | Размер: L"
2781;12998;;0;"Цвят: черен | Размер: XL"
2781;12999;;0;"Цвят: черен | Размер: 2XL"
2782;13070;;0;"Размер: S | Цвят: черен"
2782;13071;;0;"Размер: М | Цвят: черен"
2782;13072;;0;"Цвят: черен | Размер: L"
2782;13073;;0;"Цвят: черен | Размер: XL"
2782;13074;;0;"Цвят: черен | Размер: 2XL"
2783;13000;;1;"Цвят: зелен | Размер: S"
2783;13001;;0;"Размер: М | Цвят: зелен"
2783;13002;;0;"Цвят: зелен | Размер: L"
2783;13003;;0;"Размер: XL | Цвят: зелен"
2783;13004;;0;"Размер: 2XL | Цвят: зелен"
2784;13005;;1;"Цвят: черен | Размер: S"
2784;13006;;0;"Цвят: черен | Размер: М"
2784;13007;;0;"Размер: L | Цвят: черен"
2784;13008;;0;"Размер: XL | Цвят: черен"
2784;13009;;0;"Размер: 2XL | Цвят: черен"
2785;13010;;0;"Цвят: черен | Размер: S"
2785;13011;;0;"Цвят: черен | Размер: М"
2785;13012;;0;"Размер: L | Цвят: черен"
2785;13013;;0;"Цвят: черен | Размер: XL"
2785;13014;;0;"Размер: 2XL | Цвят: черен"
2786;13015;;1;"Размер: S | Цвят: черен"
2786;13016;;0;"Цвят: черен | Размер: М"
2786;13017;;0;"Размер: L | Цвят: черен"
2786;13018;;0;"Цвят: черен | Размер: XL"
2786;13019;;0;"Цвят: черен | Размер: 2XL"
2787;13020;;0;"Размер: S | Цвят: черен"
2787;13021;;0;"Цвят: черен | Размер: М"
2787;13022;;0;"Размер: L | Цвят: черен"
2787;13023;;0;"Размер: XL | Цвят: черен"
2787;13024;;0;"Размер: 2XL | Цвят: черен"
2788;13025;;0;"Размер: S | Цвят: черен"
2788;13026;;0;"Размер: М | Цвят: черен"
2788;13027;;0;"Цвят: черен | Размер: L"
2788;13028;;0;"Размер: XL | Цвят: черен"
2788;13029;;0;"Цвят: черен | Размер: 2XL"
2789;13030;;1;"Цвят: тъмносин | Размер: S"
2789;13031;;0;"Цвят: тъмносин | Размер: М"
2789;13032;;0;"Цвят: тъмносин | Размер: L"
2789;13033;;0;"Размер: XL | Цвят: тъмносин"
2789;13034;;0;"Цвят: тъмносин | Размер: 2XL"
2790;13035;;0;"Цвят: черен | Размер: S"
2790;13036;;0;"Размер: М | Цвят: черен"
2790;13037;;0;"Цвят: черен | Размер: L"
2790;13038;;0;"Размер: XL | Цвят: черен"
2790;13039;;1;"Цвят: черен | Размер: 2XL"
2791;13040;;2;"Цвят: син | Размер: S"
2791;13041;;0;"Цвят: син | Размер: М"
2791;13042;;0;"Цвят: син | Размер: L"
2791;13043;;1;"Цвят: син | Размер: XL"
2791;13044;;0;"Цвят: син | Размер: 2XL"
2792;13045;;1;"Цвят: бял | Размер: S"
2792;13046;;0;"Цвят: бял | Размер: М"
2792;13047;;0;"Размер: L | Цвят: бял"
2792;13048;;0;"Цвят: бял | Размер: XL"
2792;13049;;0;"Размер: 2XL | Цвят: бял"
2793;13050;;1;"Размер: S | Цвят: тъмносин"
2793;13051;;0;"Размер: М | Цвят: тъмносин"
2793;13052;;0;"Размер: L | Цвят: тъмносин"
2793;13053;;0;"Цвят: тъмносин | Размер: XL"
2793;13054;;0;"Цвят: тъмносин | Размер: 2XL"
2794;13055;;0;"Размер: S | Цвят: червен"
2794;13056;;0;"Цвят: червен | Размер: М"
2794;13057;;0;"Размер: L | Цвят: червен"
2794;13058;;0;"Размер: XL | Цвят: червен"
2794;13059;;0;"Цвят: червен | Размер: 2XL"
2795;13060;;1;"Цвят: черен | Размер: S"
2795;13061;;0;"Цвят: черен | Размер: М"
2795;13062;;0;"Цвят: черен | Размер: L"
2795;13063;;0;"Размер: XL | Цвят: черен"
2795;13064;;1;"Размер: 2XL | Цвят: черен"
2796;13065;;0;"Размер: S | Цвят: син"
2796;13066;;0;"Размер: М | Цвят: син"
2796;13067;;0;"Размер: L | Цвят: син"
2796;13068;;0;"Цвят: син | Размер: XL"
2796;13069;;0;"Цвят: син | Размер: 2XL"
2797;13075;;0;"Цвят: черен | Размер: S"
2797;13076;;0;"Размер: М | Цвят: черен"
2797;13077;;0;"Цвят: черен | Размер: L"
2797;13078;;0;"Размер: XL | Цвят: черен"
2797;13079;;0;"Размер: 2XL | Цвят: черен"
2798;13080;;0;"Цвят: тъмносин | Размер: S"
2798;13081;;0;"Цвят: тъмносин | Размер: М"
2798;13082;;0;"Цвят: тъмносин | Размер: L"
2798;13083;;0;"Размер: XL | Цвят: тъмносин"
2798;13084;;0;"Цвят: тъмносин | Размер: 2XL"
2799;13085;;1;"Цвят: черен | Размер: S"
2799;13086;;0;"Цвят: черен | Размер: М"
2799;13087;;0;"Размер: L | Цвят: черен"
2799;13088;;0;"Цвят: черен | Размер: XL"
2799;13089;;0;"Размер: 2XL | Цвят: черен"
2800;13090;;0;"Размер: S | Цвят: черен"
2800;13091;;0;"Размер: М | Цвят: черен"
2800;13092;;0;"Размер: L | Цвят: черен"
2800;13093;;0;"Цвят: черен | Размер: XL"
2800;13094;;1;"Размер: 2XL | Цвят: черен"
2801;13095;;0;"Размер: S | Цвят: черен"
2801;13096;;0;"Цвят: черен | Размер: М"
2801;13097;;0;"Размер: L | Цвят: черен"
2801;13098;;0;"Цвят: черен | Размер: XL"
2801;13099;;0;"Размер: 2XL | Цвят: черен"
2802;13110;;1;"Цвят: черен | Размер: S"
2802;13111;;0;"Размер: М | Цвят: черен"
2802;13112;;0;"Цвят: черен | Размер: L"
2802;13113;;1;"Размер: XL | Цвят: черен"
2802;13114;;1;"Размер: 2XL | Цвят: черен"
2803;13100;;1;"Размер: S | Цвят: черен"
2803;13101;;0;"Цвят: черен | Размер: М"
2803;13102;;1;"Цвят: черен | Размер: L"
2803;13103;;0;"Размер: XL | Цвят: черен"
2803;13104;;1;"Размер: 2XL | Цвят: черен"
2804;13105;;0;"Размер: S | Цвят: черен"
2804;13106;;0;"Размер: М | Цвят: черен"
2804;13107;;0;"Размер: L | Цвят: черен"
2804;13108;;0;"Размер: XL | Цвят: черен"
2804;13109;;0;"Цвят: черен | Размер: 2XL"
2805;13115;;1;"Размер: S | Цвят: черен"
2805;13116;;0;"Размер: М | Цвят: черен"
2805;13117;;1;"Цвят: черен | Размер: L"
2805;13118;;0;"Цвят: черен | Размер: XL"
2805;13119;;1;"Цвят: черен | Размер: 2XL"
2806;13120;;0;"Цвят: черен | Размер: S"
2806;13121;;0;"Размер: М | Цвят: черен"
2806;13122;;1;"Цвят: черен | Размер: L"
2806;13123;;0;"Размер: XL | Цвят: черен"
2806;13124;;0;"Размер: 2XL | Цвят: черен"
2807;13125;;1;"Цвят: черен | Размер: S"
2807;13126;;0;"Цвят: черен | Размер: М"
2807;13127;;0;"Размер: L | Цвят: черен"
2807;13128;;1;"Цвят: черен | Размер: XL"
2807;13129;;1;"Размер: 2XL | Цвят: черен"
2808;13130;;1;"Размер: S | Цвят: черен"
2808;13131;;0;"Размер: М | Цвят: черен"
2808;13132;;0;"Размер: L | Цвят: черен"
2808;13133;;0;"Цвят: черен | Размер: XL"
2808;13134;;1;"Цвят: черен | Размер: 2XL"
2809;13135;;1;"Размер: S | Цвят: черен"
2809;13136;;0;"Цвят: черен | Размер: М"
2809;13137;;0;"Размер: L | Цвят: черен"
2809;13138;;0;"Цвят: черен | Размер: XL"
2809;13139;;1;"Размер: 2XL | Цвят: черен"
2810;13205;;1;"Размер: S | Цвят: тъмносин"
2810;13206;;1;"Размер: М | Цвят: тъмносин"
2810;13207;;0;"Размер: L | Цвят: тъмносин"
2810;13208;;0;"Цвят: тъмносин | Размер: XL"
2810;13209;;1;"Цвят: тъмносин | Размер: 2XL"
2811;13145;;1;"Размер: S | Цвят: тъмносин"
2811;13146;;1;"Цвят: тъмносин | Размер: М"
2811;13147;;1;"Цвят: тъмносин | Размер: L"
2811;13148;;0;"Размер: XL | Цвят: тъмносин"
2811;13149;;1;"Размер: 2XL | Цвят: тъмносин"
2811;13150;;0;"Размер: 3XL | Цвят: тъмносин"
2812;13151;;0;"Размер: S | Цвят: черен"
2812;13152;;0;"Цвят: черен | Размер: М"
2812;13153;;0;"Цвят: черен | Размер: L"
2812;13154;;0;"Размер: XL | Цвят: черен"
2812;13155;;1;"Цвят: черен | Размер: 2XL"
2812;13156;;0;"Размер: 3XL | Цвят: черен"
2813;13157;;0;"Цвят: червен | Размер: S"
2813;13158;;0;"Размер: М | Цвят: червен"
2813;13159;;0;"Цвят: червен | Размер: L"
2813;13160;;0;"Размер: XL | Цвят: червен"
2813;13161;;0;"Размер: 2XL | Цвят: червен"
2813;13162;;0;"Размер: 3XL | Цвят: червен"
2814;13163;;1;"Цвят: черен | Размер: S"
2814;13164;;0;"Размер: М | Цвят: черен"
2814;13165;;1;"Размер: L | Цвят: черен"
2814;13166;;0;"Цвят: черен | Размер: XL"
2814;13167;;0;"Цвят: черен | Размер: 2XL"
2814;13168;;0;"Цвят: черен | Размер: 3XL"
2815;13169;;0;"Цвят: черен | Размер: S"
2815;13170;;0;"Размер: М | Цвят: черен"
2815;13171;;0;"Цвят: черен | Размер: L"
2815;13172;;1;"Размер: XL | Цвят: черен"
2815;13173;;0;"Размер: 2XL | Цвят: черен"
2815;13174;;0;"Цвят: черен | Размер: 3XL"
2816;13175;;0;"Размер: S | Цвят: бял"
2816;13176;;0;"Цвят: бял | Размер: М"
2816;13177;;0;"Размер: L | Цвят: бял"
2816;13178;;0;"Цвят: бял | Размер: XL"
2816;13179;;0;"Размер: 2XL | Цвят: бял"
2816;13180;;1;"Цвят: бял | Размер: 3XL"
2817;13181;;0;"Размер: S | Цвят: черен"
2817;13182;;0;"Цвят: черен | Размер: М"
2817;13183;;0;"Размер: L | Цвят: черен"
2817;13184;;0;"Цвят: черен | Размер: XL"
2817;13185;;0;"Размер: 2XL | Цвят: черен"
2817;13186;;0;"Цвят: черен | Размер: 3XL"
2818;13187;;1;"Размер: S | Цвят: черен"
2818;13188;;0;"Цвят: черен | Размер: М"
2818;13189;;0;"Цвят: черен | Размер: L"
2818;13190;;0;"Цвят: черен | Размер: XL"
2818;13191;;0;"Размер: 2XL | Цвят: черен"
2818;13192;;1;"Размер: 3XL | Цвят: черен"
2819;13193;;1;"Цвят: зелен | Размер: S"
2819;13194;;1;"Цвят: зелен | Размер: М"
2819;13195;;0;"Цвят: зелен | Размер: L"
2819;13196;;1;"Размер: XL | Цвят: зелен"
2819;13197;;1;"Размер: 2XL | Цвят: зелен"
2819;13198;;0;"Размер: 3XL | Цвят: зелен"
2820;13199;;1;"Цвят: кафяв | Размер: S"
2820;13200;;0;"Размер: М | Цвят: кафяв"
2820;13201;;0;"Цвят: кафяв | Размер: L"
2820;13202;;0;"Размер: XL | Цвят: кафяв"
2820;13203;;1;"Размер: 2XL | Цвят: кафяв"
2820;13204;;0;"Размер: 3XL | Цвят: кафяв"
2821;13210;;0;"Размер: 3XL | Цвят: черен"
2821;13211;;0;"Цвят: черен | Размер: 4XL"
2821;13212;;0;"Размер: 5XL | Цвят: черен"
2821;13213;;0;"Цвят: черен | Размер: 6XL"
2822;13214;;1;"Цвят: черен | Размер: 3XL"
2822;13215;;0;"Размер: 4XL | Цвят: черен"
2822;13216;;0;"Цвят: черен | Размер: 5XL"
2822;13217;;0;"Цвят: черен | Размер: 6XL"
2823;13242;;1;"Размер: 28"
2823;13243;;0;"Размер: 31"
2824;13245;;1;"Размер: 46"
2825;13246;;0;"Размер: 54"
2826;13244;;1;"Размер: 50"
2827;13226;;1;"Размер: 44"
2827;13227;;1;"Размер: 46"
2827;13228;;1;"Размер: 48"
2827;13229;;0;"Размер: 50"
2827;13230;;1;"Размер: 52"
2827;13231;;1;"Размер: 54"
2827;13232;;0;"Размер: 56"
2827;13247;;1;"Размер: 58"
2828;13218;;1;"Размер: 33"
2828;13219;;2;"Размер: 34"
2828;13220;;1;"Размер: 36"
2828;13221;;1;"Размер: 38"
2828;13222;;1;"Размер: 40"
2828;13223;;1;"Размер: 42"
2828;13224;;0;"Размер: 44"
2829;13248;;1;"Размер: 42"
2829;13249;;1;"Размер: 44"
2829;13250;;1;"Размер: 46"
2829;13251;;0;"Размер: 48"
2829;13252;;0;"Размер: 50"
2829;13253;;1;"Размер: 52"
2829;13254;;1;"Размер: 54"
2829;13255;;0;"Размер: 56"
2830;13256;;1;"Размер: 3XL | Цвят: черен"
2830;13257;;0;"Размер: 4XL | Цвят: черен"
2830;13258;;0;"Размер: 5XL | Цвят: черен"
2830;13259;;0;"Цвят: черен | Размер: 6XL"
2830;13260;;0;"Цвят: черен | Размер: 7XL"
2831;13261;;1;"Цвят: черен | Размер: 3XL"
2831;13262;;0;"Размер: 4XL | Цвят: черен"
2831;13263;;0;"Размер: 5XL | Цвят: черен"
2831;13264;;0;"Цвят: черен | Размер: 6XL"
2831;13265;;0;"Размер: 7XL | Цвят: черен"
2832;13266;;0;"Размер: S | Цвят: черен"
2832;13267;;0;"Цвят: черен | Размер: М"
2832;13268;;0;"Цвят: черен | Размер: L"
2832;13269;;0;"Цвят: черен | Размер: XL"
2832;13270;;0;"Цвят: черен | Размер: 2XL"
2832;13271;;0;"Цвят: черен | Размер: 3XL"
2833;13272;;0;"Размер: S | Цвят: червен"
2833;13273;;1;"Цвят: червен | Размер: М"
2833;13274;;0;"Цвят: червен | Размер: L"
2833;13275;;0;"Цвят: червен | Размер: XL"
2833;13276;;0;"Цвят: червен | Размер: 2XL"
2833;13277;;0;"Размер: 3XL | Цвят: червен"
2835;13278;;1;"Цвят: син | Размер: S"
2835;13279;;0;"Цвят: син | Размер: М"
2835;13280;;0;"Размер: L | Цвят: син"
2835;13281;;0;"Цвят: син | Размер: XL"
2835;13282;;1;"Размер: 2XL | Цвят: син"
2835;13283;;0;"Размер: 3XL | Цвят: син"
2836;13284;;0;"Размер: S"
2836;13285;;1;"Размер: М"
2836;13286;;2;"Размер: L"
2836;13287;;0;"Размер: XL"
2836;13288;;1;"Размер: 2XL"
2836;13289;;0;"Размер: 3XL"
2837;13290;;0;"Размер: S | Цвят: черен"
2837;13291;;0;"Размер: М | Цвят: черен"
2837;13292;;0;"Размер: L | Цвят: черен"
2837;13293;;0;"Цвят: черен | Размер: XL"
2837;13294;;0;"Цвят: черен | Размер: 2XL"
2837;13295;;0;"Цвят: черен | Размер: 3XL"
2838;13296;;0;"Размер: S | Цвят: черен"
2838;13297;;0;"Цвят: черен | Размер: М"
2838;13298;;0;"Размер: L | Цвят: черен"
2838;13299;;0;"Размер: XL | Цвят: черен"
2838;13300;;0;"Размер: 2XL | Цвят: черен"
2838;13301;;0;"Цвят: черен | Размер: 3XL"
2839;13302;;0;"Цвят: тъмносин | Размер: S"
2839;13303;;0;"Размер: М | Цвят: тъмносин"
2839;13304;;0;"Размер: L | Цвят: тъмносин"
2839;13305;;0;"Размер: XL | Цвят: тъмносин"
2839;13306;;0;"Размер: 2XL | Цвят: тъмносин"
2839;13307;;0;"Размер: 3XL | Цвят: тъмносин"
2841;13308;;0;"Цвят: черен | Размер: S"
2841;13309;;1;"Размер: М | Цвят: черен"
2841;13310;;1;"Цвят: черен | Размер: L"
2841;13311;;0;"Размер: XL | Цвят: черен"
2841;13312;;0;"Цвят: черен | Размер: 2XL"
2841;13313;;0;"Цвят: черен | Размер: 3XL"
2842;13314;;0;"Цвят: син | Размер: S"
2842;13315;;0;"Цвят: син | Размер: М"
2842;13316;;1;"Цвят: син | Размер: L"
2842;13317;;0;"Цвят: син | Размер: XL"
2842;13318;;0;"Цвят: син | Размер: 2XL"
2842;13319;;0;"Цвят: син | Размер: 3XL"
2843;13320;;0;"Размер: S | Цвят: черен"
2843;13321;;0;"Цвят: черен | Размер: М"
2843;13322;;2;"Цвят: черен | Размер: L"
2843;13323;;0;"Цвят: черен | Размер: XL"
2843;13324;;0;"Цвят: черен | Размер: 2XL"
2843;13325;;0;"Размер: 3XL | Цвят: черен"
2845;13332;;0;"Цвят: зелен | Размер: S"
2845;13333;;0;"Размер: М | Цвят: зелен"
2845;13334;;0;"Цвят: зелен | Размер: L"
2845;13335;;0;"Цвят: зелен | Размер: XL"
2845;13336;;0;"Размер: 2XL | Цвят: зелен"
2845;13337;;0;"Размер: 3XL | Цвят: зелен"
2846;13338;;0;"Размер: S | Цвят: черен"
2846;13339;;0;"Размер: М | Цвят: черен"
2846;13340;;0;"Размер: L | Цвят: черен"
2846;13341;;0;"Цвят: черен | Размер: XL"
2846;13342;;1;"Размер: 2XL | Цвят: черен"
2846;13343;;0;"Цвят: черен | Размер: 3XL"
2847;13344;;0;"Размер: S | Цвят: черен"
2847;13345;;0;"Цвят: черен | Размер: М"
2847;13346;;0;"Размер: L | Цвят: черен"
2847;13347;;1;"Цвят: черен | Размер: XL"
2847;13348;;1;"Размер: 2XL | Цвят: черен"
2847;13349;;0;"Цвят: черен | Размер: 3XL"
2848;13350;;0;"Цвят: черен | Размер: S"
2848;13351;;0;"Цвят: черен | Размер: М"
2848;13352;;0;"Размер: L | Цвят: черен"
2848;13353;;0;"Размер: XL | Цвят: черен"
2848;13354;;0;"Размер: 2XL | Цвят: черен"
2848;13355;;0;"Размер: 3XL | Цвят: черен"
2849;13356;;0;"Размер: S | Цвят: черен"
2849;13357;;0;"Цвят: черен | Размер: М"
2849;13358;;0;"Цвят: черен | Размер: L"
2849;13359;;1;"Размер: XL | Цвят: черен"
2849;13360;;0;"Цвят: черен | Размер: 2XL"
2849;13361;;0;"Цвят: черен | Размер: 3XL"
2850;13362;;0;"Размер: S | Цвят: черен"
2850;13363;;0;"Размер: М | Цвят: черен"
2850;13364;;0;"Размер: L | Цвят: черен"
2850;13365;;0;"Цвят: черен | Размер: XL"
2850;13366;;0;"Цвят: черен | Размер: 2XL"
2850;13367;;0;"Цвят: черен | Размер: 3XL"
2851;13368;;1;"Цвят: черен | Размер: S"
2851;13369;;0;"Размер: М | Цвят: черен"
2851;13370;;0;"Цвят: черен | Размер: L"
2851;13371;;0;"Размер: XL | Цвят: черен"
2851;13372;;0;"Размер: 2XL | Цвят: черен"
2851;13373;;0;"Цвят: черен | Размер: 3XL"
2852;13374;;0;"Цвят: тъмносин | Размер: S"
2852;13375;;0;"Цвят: тъмносин | Размер: М"
2852;13376;;0;"Цвят: тъмносин | Размер: L"
2852;13377;;0;"Цвят: тъмносин | Размер: XL"
2852;13378;;0;"Цвят: тъмносин | Размер: 2XL"
2852;13379;;0;"Размер: 3XL | Цвят: тъмносин"
2853;13380;;0;"Цвят: черен | Размер: S"
2853;13381;;0;"Цвят: черен | Размер: М"
2853;13382;;0;"Размер: L | Цвят: черен"
2853;13383;;0;"Цвят: черен | Размер: XL"
2853;13384;;0;"Размер: 2XL | Цвят: черен"
2853;13385;;0;"Размер: 3XL | Цвят: черен"
2857;13386;;0;"Размер: S | Цвят: бял"
2857;13387;;0;"Размер: М | Цвят: бял"
2857;13388;;0;"Размер: L | Цвят: бял"
2857;13389;;0;"Цвят: бял | Размер: XL"
2857;13390;;1;"Цвят: бял | Размер: 2XL"
2858;13391;;0;"Размер: S | Цвят: черен"
2858;13392;;1;"Цвят: черен | Размер: М"
2858;13393;;0;"Цвят: черен | Размер: L"
2858;13394;;1;"Цвят: черен | Размер: XL"
2858;13395;;1;"Размер: 2XL | Цвят: черен"
2859;13396;;1;"Размер: 3XL | Цвят: черен"
2859;13397;;0;"Размер: 4XL | Цвят: черен"
2859;13398;;1;"Размер: 5XL | Цвят: черен"
2859;13399;;0;"Размер: 6XL | Цвят: черен"
2860;13400;;2;"Цвят: черен | Размер: 3XL"
2860;13401;;0;"Цвят: черен | Размер: 4XL"
2860;13402;;1;"Цвят: черен | Размер: 5XL"
2860;13403;;0;"Размер: 6XL | Цвят: черен"
2861;13404;;3;"Размер: 3XL | Цвят: черен"
2861;13405;;0;"Размер: 4XL | Цвят: черен"
2861;13406;;0;"Размер: 5XL | Цвят: черен"
2861;13407;;0;"Размер: 6XL | Цвят: черен"
2862;13408;;0;"Цвят: черен | Размер: 3XL"
2862;13409;;0;"Цвят: черен | Размер: 4XL"
2862;13410;;1;"Цвят: черен | Размер: 5XL"
2862;13411;;0;"Размер: 6XL | Цвят: черен"
2864;13412;;1;"Размер: S | Цвят: бял"
2864;13413;;0;"Цвят: бял | Размер: М"
2864;13414;;1;"Размер: L | Цвят: бял"
2864;13415;;1;"Размер: XL | Цвят: бял"
2864;13416;;1;"Размер: 2XL | Цвят: бял"
2866;13417;;1;"Размер: S | Цвят: черен"
2866;13418;;0;"Размер: М | Цвят: черен"
2866;13419;;0;"Размер: L | Цвят: черен"
2866;13420;;1;"Размер: XL | Цвят: черен"
2866;13421;;1;"Цвят: черен | Размер: 2XL"
2867;13422;;0;"Цвят: черен | Размер: S"
2867;13423;;1;"Размер: М | Цвят: черен"
2867;13424;;1;"Цвят: черен | Размер: L"
2867;13425;;1;"Размер: XL | Цвят: черен"
2867;13426;;0;"Цвят: черен | Размер: 2XL"
2868;13427;;1;"Размер: S | Цвят: черен"
2868;13428;;1;"Размер: М | Цвят: черен"
2868;13429;;0;"Цвят: черен | Размер: L"
2868;13430;;0;"Цвят: черен | Размер: XL"
2868;13431;;0;"Цвят: черен | Размер: 2XL"
2869;13432;;1;"Размер: S | Цвят: бял"
2869;13433;;0;"Цвят: бял | Размер: М"
2869;13434;;1;"Цвят: бял | Размер: L"
2869;13435;;0;"Цвят: бял | Размер: XL"
2869;13436;;1;"Цвят: бял | Размер: 2XL"
2870;13437;;1;"Цвят: черен | Размер: S"
2870;13438;;1;"Цвят: черен | Размер: М"
2870;13439;;1;"Размер: L | Цвят: черен"
2870;13440;;1;"Размер: XL | Цвят: черен"
2870;13441;;1;"Размер: 2XL | Цвят: черен"
2871;13442;;1;"Размер: S | Цвят: бял"
2871;13443;;0;"Цвят: бял | Размер: М"
2871;13444;;1;"Размер: L | Цвят: бял"
2871;13445;;1;"Размер: XL | Цвят: бял"
2871;13446;;1;"Цвят: бял | Размер: 2XL"
2872;13447;;0;"Цвят: черен | Размер: S"
2872;13448;;1;"Цвят: черен | Размер: М"
2872;13449;;1;"Размер: L | Цвят: черен"
2872;13450;;1;"Цвят: черен | Размер: XL"
2872;13451;;1;"Размер: 2XL | Цвят: черен"
2873;13452;;0;"Размер: S | Цвят: черен"
2873;13453;;0;"Цвят: черен | Размер: М"
2873;13454;;1;"Размер: L | Цвят: черен"
2873;13455;;1;"Цвят: черен | Размер: XL"
2873;13456;;1;"Цвят: черен | Размер: 2XL"
2874;13457;;0;"Цвят: черен | Размер: S"
2874;13458;;0;"Размер: М | Цвят: черен"
2874;13459;;1;"Размер: L | Цвят: черен"
2874;13460;;1;"Размер: XL | Цвят: черен"
2874;13461;;0;"Размер: 2XL | Цвят: черен"
2875;13462;;0;"Цвят: бял | Размер: S"
2875;13463;;0;"Размер: М | Цвят: бял"
2875;13464;;0;"Цвят: бял | Размер: L"
2875;13465;;1;"Размер: XL | Цвят: бял"
2875;13466;;1;"Размер: 2XL | Цвят: бял"
2876;13467;;2;"Размер: S | Цвят: черен"
2876;13468;;3;"Цвят: черен | Размер: М"
2876;13469;;2;"Цвят: черен | Размер: L"
2876;13470;;1;"Цвят: черен | Размер: XL"
2876;13471;;3;"Цвят: черен | Размер: 2XL"
2877;13472;;1;"Цвят: бял | Размер: S"
2877;13473;;1;"Размер: М | Цвят: бял"
2877;13474;;1;"Цвят: бял | Размер: L"
2877;13475;;2;"Цвят: бял | Размер: XL"
2877;13476;;2;"Цвят: бял | Размер: 2XL"
2878;13477;;1;"Цвят: черен | Размер: S"
2878;13478;;1;"Размер: М | Цвят: черен"
2878;13479;;1;"Размер: L | Цвят: черен"
2878;13480;;1;"Размер: XL | Цвят: черен"
2878;13481;;2;"Размер: 2XL | Цвят: черен"
2879;13482;;1;"Размер: S | Цвят: бял"
2879;13483;;0;"Цвят: бял | Размер: М"
2879;13484;;0;"Размер: L | Цвят: бял"
2879;13485;;1;"Цвят: бял | Размер: XL"
2879;13486;;1;"Размер: 2XL | Цвят: бял"
2881;13487;;0;"Размер: S | Цвят: черен"
2881;13488;;1;"Цвят: черен | Размер: М"
2881;13489;;1;"Размер: L | Цвят: черен"
2881;13490;;0;"Цвят: черен | Размер: XL"
2881;13491;;1;"Размер: 2XL | Цвят: черен"
2882;13492;;0;"Цвят: бял | Размер: S"
2882;13493;;0;"Цвят: бял | Размер: М"
2882;13494;;1;"Цвят: бял | Размер: L"
2882;13495;;1;"Размер: XL | Цвят: бял"
2882;13496;;1;"Размер: 2XL | Цвят: бял"
2883;13497;;1;"Размер: S | Цвят: черен"
2883;13498;;1;"Размер: М | Цвят: черен"
2883;13499;;0;"Цвят: черен | Размер: L"
2883;13500;;1;"Цвят: черен | Размер: XL"
2883;13501;;1;"Цвят: черен | Размер: 2XL"
2884;13502;;1;"Цвят: черен | Размер: S"
2884;13503;;0;"Размер: М | Цвят: черен"
2884;13504;;0;"Цвят: черен | Размер: L"
2884;13505;;0;"Размер: XL | Цвят: черен"
2884;13506;;0;"Размер: 2XL | Цвят: черен"
2885;13507;;1;"Размер: S | Цвят: бял"
2885;13508;;0;"Размер: М | Цвят: бял"
2885;13509;;0;"Размер: L | Цвят: бял"
2885;13510;;0;"Цвят: бял | Размер: XL"
2885;13511;;1;"Цвят: бял | Размер: 2XL"
2886;13512;;0;"Цвят: черен | Размер: S"
2886;13513;;0;"Цвят: черен | Размер: М"
2886;13514;;0;"Цвят: черен | Размер: L"
2886;13515;;0;"Цвят: черен | Размер: XL"
2886;13516;;0;"Цвят: черен | Размер: 2XL"
2887;13517;;2;"Цвят: бял | Размер: S"
2887;13518;;2;"Цвят: бял | Размер: М"
2887;13519;;2;"Размер: L | Цвят: бял"
2887;13520;;3;"Размер: XL | Цвят: бял"
2887;13521;;1;"Размер: 2XL | Цвят: бял"
2888;13522;;2;"Размер: S | Цвят: черен"
2888;13523;;3;"Размер: М | Цвят: черен"
2888;13524;;3;"Размер: L | Цвят: черен"
2888;13525;;2;"Цвят: черен | Размер: XL"
2888;13526;;3;"Размер: 2XL | Цвят: черен"
2889;13527;;0;"Размер: S | Цвят: черен"
2889;13528;;0;"Цвят: черен | Размер: М"
2889;13529;;0;"Размер: L | Цвят: черен"
2889;13530;;0;"Цвят: черен | Размер: XL"
2889;13531;;1;"Размер: 2XL | Цвят: черен"
2890;13532;;1;"Размер: S | Цвят: бял"
2890;13533;;0;"Цвят: бял | Размер: М"
2890;13534;;0;"Цвят: бял | Размер: L"
2890;13535;;1;"Размер: XL | Цвят: бял"
2890;13536;;1;"Размер: 2XL | Цвят: бял"
2891;13537;;0;"Размер: S | Цвят: черен"
2891;13538;;0;"Размер: М | Цвят: черен"
2891;13539;;0;"Цвят: черен | Размер: L"
2891;13540;;1;"Размер: XL | Цвят: черен"
2891;13541;;0;"Цвят: черен | Размер: 2XL"
2893;13542;;1;"Цвят: черен | Размер: S"
2893;13543;;1;"Размер: М | Цвят: черен"
2893;13544;;1;"Размер: L | Цвят: черен"
2893;13545;;1;"Размер: XL | Цвят: черен"
2893;13546;;1;"Цвят: черен | Размер: 2XL"
2894;13547;;0;"Размер: М | Цвят: бял"
2894;13548;;2;"Цвят: бял | Размер: L"
2894;13549;;1;"Размер: XL | Цвят: бял"
2894;13550;;1;"Размер: 2XL | Цвят: бял"
2895;13551;;1;"Цвят: черен | Размер: М"
2895;13552;;2;"Цвят: черен | Размер: L"
2895;13553;;1;"Цвят: черен | Размер: XL"
2895;13554;;0;"Цвят: черен | Размер: 2XL"
2896;13555;;0;"Цвят: бял | Размер: М"
2896;13556;;0;"Размер: L | Цвят: бял"
2896;13557;;1;"Цвят: бял | Размер: XL"
2896;13558;;1;"Размер: 2XL | Цвят: бял"
2897;13559;;0;"Размер: М | Цвят: черен"
2897;13560;;2;"Размер: L | Цвят: черен"
2897;13561;;1;"Размер: XL | Цвят: черен"
2897;13562;;1;"Цвят: черен | Размер: 2XL"
2898;13563;;0;"Цвят: черен | Размер: М"
2898;13564;;1;"Размер: L | Цвят: черен"
2898;13565;;1;"Цвят: черен | Размер: XL"
2898;13566;;1;"Размер: 2XL | Цвят: черен"
